Id_Table,ID,Name,Variable,Method,Class,Package,File Path,File Name,System,Version,Relase
1,CS1,UnusedDeclaration,,msat_is_fp_type,Mathsat5NativeApi,org.sosy_lab.java_smt.solvers.mathsat5,java-smt-2.0.0\src\org\sosy_lab\java_smt\solvers\mathsat5\Mathsat5NativeApi.java,Mathsat5NativeApi.java,java-smt,java-smt-2.0.0,01/10/2019
2,CS2,UnusedDeclaration,,msat_term_is_not,Mathsat5NativeApi,org.sosy_lab.java_smt.solvers.mathsat5,java-smt-2.0.0\src\org\sosy_lab\java_smt\solvers\mathsat5\Mathsat5NativeApi.java,Mathsat5NativeApi.java,java-smt,java-smt-2.0.0,01/10/2019
3,CS3,UnusedDeclaration,,msat_make_bv_plus,Mathsat5NativeApi,org.sosy_lab.java_smt.solvers.mathsat5,java-smt-2.0.0\src\org\sosy_lab\java_smt\solvers\mathsat5\Mathsat5NativeApi.java,Mathsat5NativeApi.java,java-smt,java-smt-2.0.0,01/10/2019
4,CS4,UnusedDeclaration,,msat_term_is_bv_comp,Mathsat5NativeApi,org.sosy_lab.java_smt.solvers.mathsat5,java-smt-2.0.0\src\org\sosy_lab\java_smt\solvers\mathsat5\Mathsat5NativeApi.java,Mathsat5NativeApi.java,java-smt,java-smt-2.0.0,01/10/2019
5,CS5,UnusedDeclaration,,msat_make_int_to_bv,Mathsat5NativeApi,org.sosy_lab.java_smt.solvers.mathsat5,java-smt-2.0.0\src\org\sosy_lab\java_smt\solvers\mathsat5\Mathsat5NativeApi.java,Mathsat5NativeApi.java,java-smt,java-smt-2.0.0,01/10/2019
6,CS6,UnusedDeclaration,,msat_term_is_bv_lshr,Mathsat5NativeApi,org.sosy_lab.java_smt.solvers.mathsat5,java-smt-2.0.0\src\org\sosy_lab\java_smt\solvers\mathsat5\Mathsat5NativeApi.java,Mathsat5NativeApi.java,java-smt,java-smt-2.0.0,01/10/2019
7,CS7,UnusedDeclaration,,msat_term_is_bv_ashr,Mathsat5NativeApi,org.sosy_lab.java_smt.solvers.mathsat5,java-smt-2.0.0\src\org\sosy_lab\java_smt\solvers\mathsat5\Mathsat5NativeApi.java,Mathsat5NativeApi.java,java-smt,java-smt-2.0.0,01/10/2019
8,CS8,UnusedDeclaration,,msat_objective_iterator_has_next,Mathsat5NativeApi,org.sosy_lab.java_smt.solvers.mathsat5,java-smt-2.0.0\src\org\sosy_lab\java_smt\solvers\mathsat5\Mathsat5NativeApi.java,Mathsat5NativeApi.java,java-smt,java-smt-2.0.0,01/10/2019
9,CS9,UnusedDeclaration,,msat_make_log,Mathsat5NativeApi,org.sosy_lab.java_smt.solvers.mathsat5,java-smt-2.0.0\src\org\sosy_lab\java_smt\solvers\mathsat5\Mathsat5NativeApi.java,Mathsat5NativeApi.java,java-smt,java-smt-2.0.0,01/10/2019
10,CS10,UnusedDeclaration,,msat_decl_repr,Mathsat5NativeApi,org.sosy_lab.java_smt.solvers.mathsat5,java-smt-2.0.0\src\org\sosy_lab\java_smt\solvers\mathsat5\Mathsat5NativeApi.java,Mathsat5NativeApi.java,java-smt,java-smt-2.0.0,01/10/2019
11,CS11,UnusedDeclaration,,msat_make_fp_lt,Mathsat5NativeApi,org.sosy_lab.java_smt.solvers.mathsat5,java-smt-2.0.0\src\org\sosy_lab\java_smt\solvers\mathsat5\Mathsat5NativeApi.java,Mathsat5NativeApi.java,java-smt,java-smt-2.0.0,01/10/2019
12,CS12,UnusedDeclaration,,msat_to_smtlib2,Mathsat5NativeApi,org.sosy_lab.java_smt.solvers.mathsat5,java-smt-2.0.0\src\org\sosy_lab\java_smt\solvers\mathsat5\Mathsat5NativeApi.java,Mathsat5NativeApi.java,java-smt,java-smt-2.0.0,01/10/2019
13,CS13,UnusedDeclaration,,msat_make_bv_extract,Mathsat5NativeApi,org.sosy_lab.java_smt.solvers.mathsat5,java-smt-2.0.0\src\org\sosy_lab\java_smt\solvers\mathsat5\Mathsat5NativeApi.java,Mathsat5NativeApi.java,java-smt,java-smt-2.0.0,01/10/2019
14,CS14,UnusedDeclaration,,msat_make_array_read,Mathsat5NativeApi,org.sosy_lab.java_smt.solvers.mathsat5,java-smt-2.0.0\src\org\sosy_lab\java_smt\solvers\mathsat5\Mathsat5NativeApi.java,Mathsat5NativeApi.java,java-smt,java-smt-2.0.0,01/10/2019
15,CS15,UnusedDeclaration,,msat_make_term_ite,Mathsat5NativeApi,org.sosy_lab.java_smt.solvers.mathsat5,java-smt-2.0.0\src\org\sosy_lab\java_smt\solvers\mathsat5\Mathsat5NativeApi.java,Mathsat5NativeApi.java,java-smt,java-smt-2.0.0,01/10/2019
16,CS16,UnusedDeclaration,,msat_make_fp_from_ubv,Mathsat5NativeApi,org.sosy_lab.java_smt.solvers.mathsat5,java-smt-2.0.0\src\org\sosy_lab\java_smt\solvers\mathsat5\Mathsat5NativeApi.java,Mathsat5NativeApi.java,java-smt,java-smt-2.0.0,01/10/2019
17,CS17,UnusedDeclaration,,msat_term_is_bv_srem,Mathsat5NativeApi,org.sosy_lab.java_smt.solvers.mathsat5,java-smt-2.0.0\src\org\sosy_lab\java_smt\solvers\mathsat5\Mathsat5NativeApi.java,Mathsat5NativeApi.java,java-smt,java-smt-2.0.0,01/10/2019
18,CS18,UnusedDeclaration,,msat_make_and,Mathsat5NativeApi,org.sosy_lab.java_smt.solvers.mathsat5,java-smt-2.0.0\src\org\sosy_lab\java_smt\solvers\mathsat5\Mathsat5NativeApi.java,Mathsat5NativeApi.java,java-smt,java-smt-2.0.0,01/10/2019
19,CS19,UnusedDeclaration,,msat_make_bv_or,Mathsat5NativeApi,org.sosy_lab.java_smt.solvers.mathsat5,java-smt-2.0.0\src\org\sosy_lab\java_smt\solvers\mathsat5\Mathsat5NativeApi.java,Mathsat5NativeApi.java,java-smt,java-smt-2.0.0,01/10/2019
20,CS20,UnusedDeclaration,,msat_term_is_false,Mathsat5NativeApi,org.sosy_lab.java_smt.solvers.mathsat5,java-smt-2.0.0\src\org\sosy_lab\java_smt\solvers\mathsat5\Mathsat5NativeApi.java,Mathsat5NativeApi.java,java-smt,java-smt-2.0.0,01/10/2019
21,CS21,UnusedDeclaration,,msat_make_fp_neg,Mathsat5NativeApi,org.sosy_lab.java_smt.solvers.mathsat5,java-smt-2.0.0\src\org\sosy_lab\java_smt\solvers\mathsat5\Mathsat5NativeApi.java,Mathsat5NativeApi.java,java-smt,java-smt-2.0.0,01/10/2019
22,CS22,UnusedDeclaration,,msat_solve_with_assumptions,Mathsat5NativeApi,org.sosy_lab.java_smt.solvers.mathsat5,java-smt-2.0.0\src\org\sosy_lab\java_smt\solvers\mathsat5\Mathsat5NativeApi.java,Mathsat5NativeApi.java,java-smt,java-smt-2.0.0,01/10/2019
23,CS23,UnusedDeclaration,,msat_push_backtrack_point,Mathsat5NativeApi,org.sosy_lab.java_smt.solvers.mathsat5,java-smt-2.0.0\src\org\sosy_lab\java_smt\solvers\mathsat5\Mathsat5NativeApi.java,Mathsat5NativeApi.java,java-smt,java-smt-2.0.0,01/10/2019
24,CS24,UnusedDeclaration,,msat_last_error_message,Mathsat5NativeApi,org.sosy_lab.java_smt.solvers.mathsat5,java-smt-2.0.0\src\org\sosy_lab\java_smt\solvers\mathsat5\Mathsat5NativeApi.java,Mathsat5NativeApi.java,java-smt,java-smt-2.0.0,01/10/2019
25,CS25,UnusedDeclaration,,msat_set_option,Mathsat5NativeApi,org.sosy_lab.java_smt.solvers.mathsat5,java-smt-2.0.0\src\org\sosy_lab\java_smt\solvers\mathsat5\Mathsat5NativeApi.java,Mathsat5NativeApi.java,java-smt,java-smt-2.0.0,01/10/2019
26,CS26,UnusedDeclaration,,msat_term_id,Mathsat5NativeApi,org.sosy_lab.java_smt.solvers.mathsat5,java-smt-2.0.0\src\org\sosy_lab\java_smt\solvers\mathsat5\Mathsat5NativeApi.java,Mathsat5NativeApi.java,java-smt,java-smt-2.0.0,01/10/2019
27,CS27,UnusedDeclaration,,msat_to_smtlib1,Mathsat5NativeApi,org.sosy_lab.java_smt.solvers.mathsat5,java-smt-2.0.0\src\org\sosy_lab\java_smt\solvers\mathsat5\Mathsat5NativeApi.java,Mathsat5NativeApi.java,java-smt,java-smt-2.0.0,01/10/2019
28,CS28,UnusedDeclaration,,msat_make_fp_plus,Mathsat5NativeApi,org.sosy_lab.java_smt.solvers.mathsat5,java-smt-2.0.0\src\org\sosy_lab\java_smt\solvers\mathsat5\Mathsat5NativeApi.java,Mathsat5NativeApi.java,java-smt,java-smt-2.0.0,01/10/2019
29,CS29,UnusedDeclaration,,msat_make_or,Mathsat5NativeApi,org.sosy_lab.java_smt.solvers.mathsat5,java-smt-2.0.0\src\org\sosy_lab\java_smt\solvers\mathsat5\Mathsat5NativeApi.java,Mathsat5NativeApi.java,java-smt,java-smt-2.0.0,01/10/2019
30,CS30,UnusedDeclaration,,msat_model_iterator_next,Mathsat5NativeApi,org.sosy_lab.java_smt.solvers.mathsat5,java-smt-2.0.0\src\org\sosy_lab\java_smt\solvers\mathsat5\Mathsat5NativeApi.java,Mathsat5NativeApi.java,java-smt,java-smt-2.0.0,01/10/2019
31,CS31,UnusedDeclaration,,msat_term_is_exp,Mathsat5NativeApi,org.sosy_lab.java_smt.solvers.mathsat5,java-smt-2.0.0\src\org\sosy_lab\java_smt\solvers\mathsat5\Mathsat5NativeApi.java,Mathsat5NativeApi.java,java-smt,java-smt-2.0.0,01/10/2019
32,CS32,UnusedDeclaration,,msat_make_bv_slt,Mathsat5NativeApi,org.sosy_lab.java_smt.solvers.mathsat5,java-smt-2.0.0\src\org\sosy_lab\java_smt\solvers\mathsat5\Mathsat5NativeApi.java,Mathsat5NativeApi.java,java-smt,java-smt-2.0.0,01/10/2019
33,CS33,UnusedDeclaration,,msat_make_int_modular_congruence,Mathsat5NativeApi,org.sosy_lab.java_smt.solvers.mathsat5,java-smt-2.0.0\src\org\sosy_lab\java_smt\solvers\mathsat5\Mathsat5NativeApi.java,Mathsat5NativeApi.java,java-smt,java-smt-2.0.0,01/10/2019
34,CS34,UnusedDeclaration,,msat_is_bv_type,Mathsat5NativeApi,org.sosy_lab.java_smt.solvers.mathsat5,java-smt-2.0.0\src\org\sosy_lab\java_smt\solvers\mathsat5\Mathsat5NativeApi.java,Mathsat5NativeApi.java,java-smt,java-smt-2.0.0,01/10/2019
35,CS35,UnusedDeclaration,,msat_push_maxmin,Mathsat5NativeApi,org.sosy_lab.java_smt.solvers.mathsat5,java-smt-2.0.0\src\org\sosy_lab\java_smt\solvers\mathsat5\Mathsat5NativeApi.java,Mathsat5NativeApi.java,java-smt,java-smt-2.0.0,01/10/2019
36,CS36,UnusedDeclaration,,msat_push_minmax,Mathsat5NativeApi,org.sosy_lab.java_smt.solvers.mathsat5,java-smt-2.0.0\src\org\sosy_lab\java_smt\solvers\mathsat5\Mathsat5NativeApi.java,Mathsat5NativeApi.java,java-smt,java-smt-2.0.0,01/10/2019
37,CS37,UnusedDeclaration,,msat_objective_value_is_unbounded,Mathsat5NativeApi,org.sosy_lab.java_smt.solvers.mathsat5,java-smt-2.0.0\src\org\sosy_lab\java_smt\solvers\mathsat5\Mathsat5NativeApi.java,Mathsat5NativeApi.java,java-smt,java-smt-2.0.0,01/10/2019
38,CS38,UnusedDeclaration,,msat_term_is_times,Mathsat5NativeApi,org.sosy_lab.java_smt.solvers.mathsat5,java-smt-2.0.0\src\org\sosy_lab\java_smt\solvers\mathsat5\Mathsat5NativeApi.java,Mathsat5NativeApi.java,java-smt,java-smt-2.0.0,01/10/2019
39,CS39,UnusedDeclaration,,msat_make_bv_srem,Mathsat5NativeApi,org.sosy_lab.java_smt.solvers.mathsat5,java-smt-2.0.0\src\org\sosy_lab\java_smt\solvers\mathsat5\Mathsat5NativeApi.java,Mathsat5NativeApi.java,java-smt,java-smt-2.0.0,01/10/2019
40,CS40,UnusedDeclaration,,msat_make_fp_from_ieeebv,Mathsat5NativeApi,org.sosy_lab.java_smt.solvers.mathsat5,java-smt-2.0.0\src\org\sosy_lab\java_smt\solvers\mathsat5\Mathsat5NativeApi.java,Mathsat5NativeApi.java,java-smt,java-smt-2.0.0,01/10/2019
41,CS41,UnusedDeclaration,,msat_create_itp_group,Mathsat5NativeApi,org.sosy_lab.java_smt.solvers.mathsat5,java-smt-2.0.0\src\org\sosy_lab\java_smt\solvers\mathsat5\Mathsat5NativeApi.java,Mathsat5NativeApi.java,java-smt,java-smt-2.0.0,01/10/2019
42,CS42,UnusedDeclaration,,msat_make_fp_roundingmode_minus_inf,Mathsat5NativeApi,org.sosy_lab.java_smt.solvers.mathsat5,java-smt-2.0.0\src\org\sosy_lab\java_smt\solvers\mathsat5\Mathsat5NativeApi.java,Mathsat5NativeApi.java,java-smt,java-smt-2.0.0,01/10/2019
43,CS43,UnusedDeclaration,,msat_make_fp_minus,Mathsat5NativeApi,org.sosy_lab.java_smt.solvers.mathsat5,java-smt-2.0.0\src\org\sosy_lab\java_smt\solvers\mathsat5\Mathsat5NativeApi.java,Mathsat5NativeApi.java,java-smt,java-smt-2.0.0,01/10/2019
44,CS44,UnusedDeclaration,,msat_objective_value_is_minus_inf,Mathsat5NativeApi,org.sosy_lab.java_smt.solvers.mathsat5,java-smt-2.0.0\src\org\sosy_lab\java_smt\solvers\mathsat5\Mathsat5NativeApi.java,Mathsat5NativeApi.java,java-smt,java-smt-2.0.0,01/10/2019
45,CS45,UnusedDeclaration,,msat_make_array_const,Mathsat5NativeApi,org.sosy_lab.java_smt.solvers.mathsat5,java-smt-2.0.0\src\org\sosy_lab\java_smt\solvers\mathsat5\Mathsat5NativeApi.java,Mathsat5NativeApi.java,java-smt,java-smt-2.0.0,01/10/2019
46,CS46,UnusedDeclaration,,msat_make_fp_plus_inf,Mathsat5NativeApi,org.sosy_lab.java_smt.solvers.mathsat5,java-smt-2.0.0\src\org\sosy_lab\java_smt\solvers\mathsat5\Mathsat5NativeApi.java,Mathsat5NativeApi.java,java-smt,java-smt-2.0.0,01/10/2019
47,CS47,UnusedDeclaration,,msat_term_is_bv_times,Mathsat5NativeApi,org.sosy_lab.java_smt.solvers.mathsat5,java-smt-2.0.0\src\org\sosy_lab\java_smt\solvers\mathsat5\Mathsat5NativeApi.java,Mathsat5NativeApi.java,java-smt,java-smt-2.0.0,01/10/2019
48,CS48,UnusedDeclaration,,msat_term_is_bv_not,Mathsat5NativeApi,org.sosy_lab.java_smt.solvers.mathsat5,java-smt-2.0.0\src\org\sosy_lab\java_smt\solvers\mathsat5\Mathsat5NativeApi.java,Mathsat5NativeApi.java,java-smt,java-smt-2.0.0,01/10/2019
49,CS49,UnusedDeclaration,,msat_make_fp_to_bv,Mathsat5NativeApi,org.sosy_lab.java_smt.solvers.mathsat5,java-smt-2.0.0\src\org\sosy_lab\java_smt\solvers\mathsat5\Mathsat5NativeApi.java,Mathsat5NativeApi.java,java-smt,java-smt-2.0.0,01/10/2019
50,CS50,UnusedDeclaration,,msat_decl_get_arg_type,Mathsat5NativeApi,org.sosy_lab.java_smt.solvers.mathsat5,java-smt-2.0.0\src\org\sosy_lab\java_smt\solvers\mathsat5\Mathsat5NativeApi.java,Mathsat5NativeApi.java,java-smt,java-smt-2.0.0,01/10/2019
51,CS51,UnusedDeclaration,,msat_make_bv_rol,Mathsat5NativeApi,org.sosy_lab.java_smt.solvers.mathsat5,java-smt-2.0.0\src\org\sosy_lab\java_smt\solvers\mathsat5\Mathsat5NativeApi.java,Mathsat5NativeApi.java,java-smt,java-smt-2.0.0,01/10/2019
52,CS52,UnusedDeclaration,,msat_term_is_bv_sleq,Mathsat5NativeApi,org.sosy_lab.java_smt.solvers.mathsat5,java-smt-2.0.0\src\org\sosy_lab\java_smt\solvers\mathsat5\Mathsat5NativeApi.java,Mathsat5NativeApi.java,java-smt,java-smt-2.0.0,01/10/2019
53,CS53,UnusedDeclaration,,msat_make_fp_isnormal,Mathsat5NativeApi,org.sosy_lab.java_smt.solvers.mathsat5,java-smt-2.0.0\src\org\sosy_lab\java_smt\solvers\mathsat5\Mathsat5NativeApi.java,Mathsat5NativeApi.java,java-smt,java-smt-2.0.0,01/10/2019
54,CS54,UnusedDeclaration,,msat_make_eq,Mathsat5NativeApi,org.sosy_lab.java_smt.solvers.mathsat5,java-smt-2.0.0\src\org\sosy_lab\java_smt\solvers\mathsat5\Mathsat5NativeApi.java,Mathsat5NativeApi.java,java-smt,java-smt-2.0.0,01/10/2019
55,CS55,UnusedDeclaration,,msat_term_is_int_from_sbv,Mathsat5NativeApi,org.sosy_lab.java_smt.solvers.mathsat5,java-smt-2.0.0\src\org\sosy_lab\java_smt\solvers\mathsat5\Mathsat5NativeApi.java,Mathsat5NativeApi.java,java-smt,java-smt-2.0.0,01/10/2019
56,CS56,UnusedDeclaration,,msat_make_bv_concat,Mathsat5NativeApi,org.sosy_lab.java_smt.solvers.mathsat5,java-smt-2.0.0\src\org\sosy_lab\java_smt\solvers\mathsat5\Mathsat5NativeApi.java,Mathsat5NativeApi.java,java-smt,java-smt-2.0.0,01/10/2019
57,CS57,UnusedDeclaration,,msat_create_objective_iterator,Mathsat5NativeApi,org.sosy_lab.java_smt.solvers.mathsat5,java-smt-2.0.0\src\org\sosy_lab\java_smt\solvers\mathsat5\Mathsat5NativeApi.java,Mathsat5NativeApi.java,java-smt,java-smt-2.0.0,01/10/2019
58,CS58,UnusedDeclaration,,msat_make_bv_comp,Mathsat5NativeApi,org.sosy_lab.java_smt.solvers.mathsat5,java-smt-2.0.0\src\org\sosy_lab\java_smt\solvers\mathsat5\Mathsat5NativeApi.java,Mathsat5NativeApi.java,java-smt,java-smt-2.0.0,01/10/2019
59,CS59,UnusedDeclaration,,msat_term_is_or,Mathsat5NativeApi,org.sosy_lab.java_smt.solvers.mathsat5,java-smt-2.0.0\src\org\sosy_lab\java_smt\solvers\mathsat5\Mathsat5NativeApi.java,Mathsat5NativeApi.java,java-smt,java-smt-2.0.0,01/10/2019
60,CS60,UnusedDeclaration,,msat_free_termination_test,Mathsat5NativeApi,org.sosy_lab.java_smt.solvers.mathsat5,java-smt-2.0.0\src\org\sosy_lab\java_smt\solvers\mathsat5\Mathsat5NativeApi.java,Mathsat5NativeApi.java,java-smt,java-smt-2.0.0,01/10/2019
61,CS61,UnusedDeclaration,,msat_make_bv_lshr,Mathsat5NativeApi,org.sosy_lab.java_smt.solvers.mathsat5,java-smt-2.0.0\src\org\sosy_lab\java_smt\solvers\mathsat5\Mathsat5NativeApi.java,Mathsat5NativeApi.java,java-smt,java-smt-2.0.0,01/10/2019
62,CS62,UnusedDeclaration,,msat_term_arity,Mathsat5NativeApi,org.sosy_lab.java_smt.solvers.mathsat5,java-smt-2.0.0\src\org\sosy_lab\java_smt\solvers\mathsat5\Mathsat5NativeApi.java,Mathsat5NativeApi.java,java-smt,java-smt-2.0.0,01/10/2019
63,CS63,UnusedDeclaration,,msat_make_fp_iszero,Mathsat5NativeApi,org.sosy_lab.java_smt.solvers.mathsat5,java-smt-2.0.0\src\org\sosy_lab\java_smt\solvers\mathsat5\Mathsat5NativeApi.java,Mathsat5NativeApi.java,java-smt,java-smt-2.0.0,01/10/2019
64,CS64,UnusedDeclaration,,msat_make_bv_ashr,Mathsat5NativeApi,org.sosy_lab.java_smt.solvers.mathsat5,java-smt-2.0.0\src\org\sosy_lab\java_smt\solvers\mathsat5\Mathsat5NativeApi.java,Mathsat5NativeApi.java,java-smt,java-smt-2.0.0,01/10/2019
65,CS65,UnusedDeclaration,,msat_make_false,Mathsat5NativeApi,org.sosy_lab.java_smt.solvers.mathsat5,java-smt-2.0.0\src\org\sosy_lab\java_smt\solvers\mathsat5\Mathsat5NativeApi.java,Mathsat5NativeApi.java,java-smt,java-smt-2.0.0,01/10/2019
66,CS66,UnusedDeclaration,,msat_term_is_atom,Mathsat5NativeApi,org.sosy_lab.java_smt.solvers.mathsat5,java-smt-2.0.0\src\org\sosy_lab\java_smt\solvers\mathsat5\Mathsat5NativeApi.java,Mathsat5NativeApi.java,java-smt,java-smt-2.0.0,01/10/2019
67,CS67,UnusedDeclaration,,msat_term_is_bv_minus,Mathsat5NativeApi,org.sosy_lab.java_smt.solvers.mathsat5,java-smt-2.0.0\src\org\sosy_lab\java_smt\solvers\mathsat5\Mathsat5NativeApi.java,Mathsat5NativeApi.java,java-smt,java-smt-2.0.0,01/10/2019
68,CS68,UnusedDeclaration,,msat_make_fp_cast,Mathsat5NativeApi,org.sosy_lab.java_smt.solvers.mathsat5,java-smt-2.0.0\src\org\sosy_lab\java_smt\solvers\mathsat5\Mathsat5NativeApi.java,Mathsat5NativeApi.java,java-smt,java-smt-2.0.0,01/10/2019
69,CS69,UnusedDeclaration,,msat_make_bv_sleq,Mathsat5NativeApi,org.sosy_lab.java_smt.solvers.mathsat5,java-smt-2.0.0\src\org\sosy_lab\java_smt\solvers\mathsat5\Mathsat5NativeApi.java,Mathsat5NativeApi.java,java-smt,java-smt-2.0.0,01/10/2019
70,CS70,UnusedDeclaration,,msat_reset_env,Mathsat5NativeApi,org.sosy_lab.java_smt.solvers.mathsat5,java-smt-2.0.0\src\org\sosy_lab\java_smt\solvers\mathsat5\Mathsat5NativeApi.java,Mathsat5NativeApi.java,java-smt,java-smt-2.0.0,01/10/2019
71,CS71,UnusedDeclaration,,msat_make_fp_roundingmode_zero,Mathsat5NativeApi,org.sosy_lab.java_smt.solvers.mathsat5,java-smt-2.0.0\src\org\sosy_lab\java_smt\solvers\mathsat5\Mathsat5NativeApi.java,Mathsat5NativeApi.java,java-smt,java-smt-2.0.0,01/10/2019
72,CS72,UnusedDeclaration,,msat_term_get_decl,Mathsat5NativeApi,org.sosy_lab.java_smt.solvers.mathsat5,java-smt-2.0.0\src\org\sosy_lab\java_smt\solvers\mathsat5\Mathsat5NativeApi.java,Mathsat5NativeApi.java,java-smt,java-smt-2.0.0,01/10/2019
73,CS73,UnusedDeclaration,,msat_make_fp_nan,Mathsat5NativeApi,org.sosy_lab.java_smt.solvers.mathsat5,java-smt-2.0.0\src\org\sosy_lab\java_smt\solvers\mathsat5\Mathsat5NativeApi.java,Mathsat5NativeApi.java,java-smt,java-smt-2.0.0,01/10/2019
74,CS74,UnusedDeclaration,,msat_make_times,Mathsat5NativeApi,org.sosy_lab.java_smt.solvers.mathsat5,java-smt-2.0.0\src\org\sosy_lab\java_smt\solvers\mathsat5\Mathsat5NativeApi.java,Mathsat5NativeApi.java,java-smt,java-smt-2.0.0,01/10/2019
75,CS75,UnusedDeclaration,,msat_get_interpolant,Mathsat5NativeApi,org.sosy_lab.java_smt.solvers.mathsat5,java-smt-2.0.0\src\org\sosy_lab\java_smt\solvers\mathsat5\Mathsat5NativeApi.java,Mathsat5NativeApi.java,java-smt,java-smt-2.0.0,01/10/2019
76,CS76,UnusedDeclaration,,msat_destroy_model_iterator,Mathsat5NativeApi,org.sosy_lab.java_smt.solvers.mathsat5,java-smt-2.0.0\src\org\sosy_lab\java_smt\solvers\mathsat5\Mathsat5NativeApi.java,Mathsat5NativeApi.java,java-smt,java-smt-2.0.0,01/10/2019
77,CS77,UnusedDeclaration,,msat_make_divide,Mathsat5NativeApi,org.sosy_lab.java_smt.solvers.mathsat5,java-smt-2.0.0\src\org\sosy_lab\java_smt\solvers\mathsat5\Mathsat5NativeApi.java,Mathsat5NativeApi.java,java-smt,java-smt-2.0.0,01/10/2019
78,CS78,UnusedDeclaration,,msat_term_is_floor,Mathsat5NativeApi,org.sosy_lab.java_smt.solvers.mathsat5,java-smt-2.0.0\src\org\sosy_lab\java_smt\solvers\mathsat5\Mathsat5NativeApi.java,Mathsat5NativeApi.java,java-smt,java-smt-2.0.0,01/10/2019
79,CS79,UnusedDeclaration,,msat_get_integer_type,Mathsat5NativeApi,org.sosy_lab.java_smt.solvers.mathsat5,java-smt-2.0.0\src\org\sosy_lab\java_smt\solvers\mathsat5\Mathsat5NativeApi.java,Mathsat5NativeApi.java,java-smt,java-smt-2.0.0,01/10/2019
80,CS80,UnusedDeclaration,,msat_solve,Mathsat5NativeApi,org.sosy_lab.java_smt.solvers.mathsat5,java-smt-2.0.0\src\org\sosy_lab\java_smt\solvers\mathsat5\Mathsat5NativeApi.java,Mathsat5NativeApi.java,java-smt,java-smt-2.0.0,01/10/2019
81,CS81,UnusedDeclaration,,msat_term_repr,Mathsat5NativeApi,org.sosy_lab.java_smt.solvers.mathsat5,java-smt-2.0.0\src\org\sosy_lab\java_smt\solvers\mathsat5\Mathsat5NativeApi.java,Mathsat5NativeApi.java,java-smt,java-smt-2.0.0,01/10/2019
82,CS82,UnusedDeclaration,,msat_make_bv_ror,Mathsat5NativeApi,org.sosy_lab.java_smt.solvers.mathsat5,java-smt-2.0.0\src\org\sosy_lab\java_smt\solvers\mathsat5\Mathsat5NativeApi.java,Mathsat5NativeApi.java,java-smt,java-smt-2.0.0,01/10/2019
83,CS83,UnusedDeclaration,,msat_make_fp_as_ieeebv,Mathsat5NativeApi,org.sosy_lab.java_smt.solvers.mathsat5,java-smt-2.0.0\src\org\sosy_lab\java_smt\solvers\mathsat5\Mathsat5NativeApi.java,Mathsat5NativeApi.java,java-smt,java-smt-2.0.0,01/10/2019
84,CS84,UnusedDeclaration,,msat_is_rational_type,Mathsat5NativeApi,org.sosy_lab.java_smt.solvers.mathsat5,java-smt-2.0.0\src\org\sosy_lab\java_smt\solvers\mathsat5\Mathsat5NativeApi.java,Mathsat5NativeApi.java,java-smt,java-smt-2.0.0,01/10/2019
85,CS85,UnusedDeclaration,,msat_objective_value_repr,Mathsat5NativeApi,org.sosy_lab.java_smt.solvers.mathsat5,java-smt-2.0.0\src\org\sosy_lab\java_smt\solvers\mathsat5\Mathsat5NativeApi.java,Mathsat5NativeApi.java,java-smt,java-smt-2.0.0,01/10/2019
86,CS86,UnusedDeclaration,,msat_term_is_array_write,Mathsat5NativeApi,org.sosy_lab.java_smt.solvers.mathsat5,java-smt-2.0.0\src\org\sosy_lab\java_smt\solvers\mathsat5\Mathsat5NativeApi.java,Mathsat5NativeApi.java,java-smt,java-smt-2.0.0,01/10/2019
87,CS87,UnusedDeclaration,,msat_term_is_sin,Mathsat5NativeApi,org.sosy_lab.java_smt.solvers.mathsat5,java-smt-2.0.0\src\org\sosy_lab\java_smt\solvers\mathsat5\Mathsat5NativeApi.java,Mathsat5NativeApi.java,java-smt,java-smt-2.0.0,01/10/2019
88,CS88,UnusedDeclaration,,msat_term_is_bv_zext,Mathsat5NativeApi,org.sosy_lab.java_smt.solvers.mathsat5,java-smt-2.0.0\src\org\sosy_lab\java_smt\solvers\mathsat5\Mathsat5NativeApi.java,Mathsat5NativeApi.java,java-smt,java-smt-2.0.0,01/10/2019
89,CS89,UnusedDeclaration,,msat_make_fp_min,Mathsat5NativeApi,org.sosy_lab.java_smt.solvers.mathsat5,java-smt-2.0.0\src\org\sosy_lab\java_smt\solvers\mathsat5\Mathsat5NativeApi.java,Mathsat5NativeApi.java,java-smt,java-smt-2.0.0,01/10/2019
90,CS90,UnusedDeclaration,,msat_make_fp_roundingmode_plus_inf,Mathsat5NativeApi,org.sosy_lab.java_smt.solvers.mathsat5,java-smt-2.0.0\src\org\sosy_lab\java_smt\solvers\mathsat5\Mathsat5NativeApi.java,Mathsat5NativeApi.java,java-smt,java-smt-2.0.0,01/10/2019
91,CS91,UnusedDeclaration,,msat_push_maximize,Mathsat5NativeApi,org.sosy_lab.java_smt.solvers.mathsat5,java-smt-2.0.0\src\org\sosy_lab\java_smt\solvers\mathsat5\Mathsat5NativeApi.java,Mathsat5NativeApi.java,java-smt,java-smt-2.0.0,01/10/2019
92,CS92,UnusedDeclaration,,msat_get_fp_type_mant_width,Mathsat5NativeApi,org.sosy_lab.java_smt.solvers.mathsat5,java-smt-2.0.0\src\org\sosy_lab\java_smt\solvers\mathsat5\Mathsat5NativeApi.java,Mathsat5NativeApi.java,java-smt,java-smt-2.0.0,01/10/2019
93,CS93,UnusedDeclaration,,msat_term_get_type,Mathsat5NativeApi,org.sosy_lab.java_smt.solvers.mathsat5,java-smt-2.0.0\src\org\sosy_lab\java_smt\solvers\mathsat5\Mathsat5NativeApi.java,Mathsat5NativeApi.java,java-smt,java-smt-2.0.0,01/10/2019
94,CS94,UnusedDeclaration,,msat_term_is_bv_and,Mathsat5NativeApi,org.sosy_lab.java_smt.solvers.mathsat5,java-smt-2.0.0\src\org\sosy_lab\java_smt\solvers\mathsat5\Mathsat5NativeApi.java,Mathsat5NativeApi.java,java-smt,java-smt-2.0.0,01/10/2019
95,CS95,UnusedDeclaration,,msat_make_fp_rat_number,Mathsat5NativeApi,org.sosy_lab.java_smt.solvers.mathsat5,java-smt-2.0.0\src\org\sosy_lab\java_smt\solvers\mathsat5\Mathsat5NativeApi.java,Mathsat5NativeApi.java,java-smt,java-smt-2.0.0,01/10/2019
96,CS96,UnusedDeclaration,,msat_make_int_number,Mathsat5NativeApi,org.sosy_lab.java_smt.solvers.mathsat5,java-smt-2.0.0\src\org\sosy_lab\java_smt\solvers\mathsat5\Mathsat5NativeApi.java,Mathsat5NativeApi.java,java-smt,java-smt-2.0.0,01/10/2019
97,CS97,UnusedDeclaration,,msat_from_smtlib2,Mathsat5NativeApi,org.sosy_lab.java_smt.solvers.mathsat5,java-smt-2.0.0\src\org\sosy_lab\java_smt\solvers\mathsat5\Mathsat5NativeApi.java,Mathsat5NativeApi.java,java-smt,java-smt-2.0.0,01/10/2019
98,CS98,UnusedDeclaration,,msat_is_integer_type,Mathsat5NativeApi,org.sosy_lab.java_smt.solvers.mathsat5,java-smt-2.0.0\src\org\sosy_lab\java_smt\solvers\mathsat5\Mathsat5NativeApi.java,Mathsat5NativeApi.java,java-smt,java-smt-2.0.0,01/10/2019
99,CS99,UnusedDeclaration,,msat_term_is_bv_concat,Mathsat5NativeApi,org.sosy_lab.java_smt.solvers.mathsat5,java-smt-2.0.0\src\org\sosy_lab\java_smt\solvers\mathsat5\Mathsat5NativeApi.java,Mathsat5NativeApi.java,java-smt,java-smt-2.0.0,01/10/2019
100,CS100,UnusedDeclaration,,msat_make_fp_div,Mathsat5NativeApi,org.sosy_lab.java_smt.solvers.mathsat5,java-smt-2.0.0\src\org\sosy_lab\java_smt\solvers\mathsat5\Mathsat5NativeApi.java,Mathsat5NativeApi.java,java-smt,java-smt-2.0.0,01/10/2019
101,CS101,UnusedDeclaration,,msat_get_model_value,Mathsat5NativeApi,org.sosy_lab.java_smt.solvers.mathsat5,java-smt-2.0.0\src\org\sosy_lab\java_smt\solvers\mathsat5\Mathsat5NativeApi.java,Mathsat5NativeApi.java,java-smt,java-smt-2.0.0,01/10/2019
102,CS102,UnusedDeclaration,,msat_make_leq,Mathsat5NativeApi,org.sosy_lab.java_smt.solvers.mathsat5,java-smt-2.0.0\src\org\sosy_lab\java_smt\solvers\mathsat5\Mathsat5NativeApi.java,Mathsat5NativeApi.java,java-smt,java-smt-2.0.0,01/10/2019
103,CS103,UnusedDeclaration,,msat_type_repr,Mathsat5NativeApi,org.sosy_lab.java_smt.solvers.mathsat5,java-smt-2.0.0\src\org\sosy_lab\java_smt\solvers\mathsat5\Mathsat5NativeApi.java,Mathsat5NativeApi.java,java-smt,java-smt-2.0.0,01/10/2019
104,CS104,UnusedDeclaration,,msat_term_is_int_to_bv,Mathsat5NativeApi,org.sosy_lab.java_smt.solvers.mathsat5,java-smt-2.0.0\src\org\sosy_lab\java_smt\solvers\mathsat5\Mathsat5NativeApi.java,Mathsat5NativeApi.java,java-smt,java-smt-2.0.0,01/10/2019
105,CS105,UnusedDeclaration,,msat_assert_formula,Mathsat5NativeApi,org.sosy_lab.java_smt.solvers.mathsat5,java-smt-2.0.0\src\org\sosy_lab\java_smt\solvers\mathsat5\Mathsat5NativeApi.java,Mathsat5NativeApi.java,java-smt,java-smt-2.0.0,01/10/2019
106,CS106,UnusedDeclaration,,msat_get_bool_type,Mathsat5NativeApi,org.sosy_lab.java_smt.solvers.mathsat5,java-smt-2.0.0\src\org\sosy_lab\java_smt\solvers\mathsat5\Mathsat5NativeApi.java,Mathsat5NativeApi.java,java-smt,java-smt-2.0.0,01/10/2019
107,CS107,UnusedDeclaration,,msat_make_term,Mathsat5NativeApi,org.sosy_lab.java_smt.solvers.mathsat5,java-smt-2.0.0\src\org\sosy_lab\java_smt\solvers\mathsat5\Mathsat5NativeApi.java,Mathsat5NativeApi.java,java-smt,java-smt-2.0.0,01/10/2019
108,CS108,UnusedDeclaration,,msat_all_sat,Mathsat5NativeApi,org.sosy_lab.java_smt.solvers.mathsat5,java-smt-2.0.0\src\org\sosy_lab\java_smt\solvers\mathsat5\Mathsat5NativeApi.java,Mathsat5NativeApi.java,java-smt,java-smt-2.0.0,01/10/2019
109,CS109,UnusedDeclaration,,msat_term_is_array_read,Mathsat5NativeApi,org.sosy_lab.java_smt.solvers.mathsat5,java-smt-2.0.0\src\org\sosy_lab\java_smt\solvers\mathsat5\Mathsat5NativeApi.java,Mathsat5NativeApi.java,java-smt,java-smt-2.0.0,01/10/2019
110,CS110,UnusedDeclaration,,msat_get_unsat_core,Mathsat5NativeApi,org.sosy_lab.java_smt.solvers.mathsat5,java-smt-2.0.0\src\org\sosy_lab\java_smt\solvers\mathsat5\Mathsat5NativeApi.java,Mathsat5NativeApi.java,java-smt,java-smt-2.0.0,01/10/2019
111,CS111,UnusedDeclaration,,msat_make_int_from_sbv,Mathsat5NativeApi,org.sosy_lab.java_smt.solvers.mathsat5,java-smt-2.0.0\src\org\sosy_lab\java_smt\solvers\mathsat5\Mathsat5NativeApi.java,Mathsat5NativeApi.java,java-smt,java-smt-2.0.0,01/10/2019
112,CS112,UnusedDeclaration,,msat_objective_get_search_stats,Mathsat5NativeApi,org.sosy_lab.java_smt.solvers.mathsat5,java-smt-2.0.0\src\org\sosy_lab\java_smt\solvers\mathsat5\Mathsat5NativeApi.java,Mathsat5NativeApi.java,java-smt,java-smt-2.0.0,01/10/2019
113,CS113,UnusedDeclaration,,msat_is_array_type,Mathsat5NativeApi,org.sosy_lab.java_smt.solvers.mathsat5,java-smt-2.0.0\src\org\sosy_lab\java_smt\solvers\mathsat5\Mathsat5NativeApi.java,Mathsat5NativeApi.java,java-smt,java-smt-2.0.0,01/10/2019
114,CS114,UnusedDeclaration,,msat_to_smtlib2_term,Mathsat5NativeApi,org.sosy_lab.java_smt.solvers.mathsat5,java-smt-2.0.0\src\org\sosy_lab\java_smt\solvers\mathsat5\Mathsat5NativeApi.java,Mathsat5NativeApi.java,java-smt,java-smt-2.0.0,01/10/2019
115,CS115,UnusedDeclaration,,msat_make_number,Mathsat5NativeApi,org.sosy_lab.java_smt.solvers.mathsat5,java-smt-2.0.0\src\org\sosy_lab\java_smt\solvers\mathsat5\Mathsat5NativeApi.java,Mathsat5NativeApi.java,java-smt,java-smt-2.0.0,01/10/2019
116,CS116,UnusedDeclaration,,msat_term_is_bv_xor,Mathsat5NativeApi,org.sosy_lab.java_smt.solvers.mathsat5,java-smt-2.0.0\src\org\sosy_lab\java_smt\solvers\mathsat5\Mathsat5NativeApi.java,Mathsat5NativeApi.java,java-smt,java-smt-2.0.0,01/10/2019
117,CS117,UnusedDeclaration,,msat_make_constant,Mathsat5NativeApi,org.sosy_lab.java_smt.solvers.mathsat5,java-smt-2.0.0\src\org\sosy_lab\java_smt\solvers\mathsat5\Mathsat5NativeApi.java,Mathsat5NativeApi.java,java-smt,java-smt-2.0.0,01/10/2019
118,CS118,UnusedDeclaration,,msat_make_bv_sdiv,Mathsat5NativeApi,org.sosy_lab.java_smt.solvers.mathsat5,java-smt-2.0.0\src\org\sosy_lab\java_smt\solvers\mathsat5\Mathsat5NativeApi.java,Mathsat5NativeApi.java,java-smt,java-smt-2.0.0,01/10/2019
119,CS119,UnusedDeclaration,,msat_make_fp_times,Mathsat5NativeApi,org.sosy_lab.java_smt.solvers.mathsat5,java-smt-2.0.0\src\org\sosy_lab\java_smt\solvers\mathsat5\Mathsat5NativeApi.java,Mathsat5NativeApi.java,java-smt,java-smt-2.0.0,01/10/2019
120,CS120,UnusedDeclaration,,msat_term_is_bv_udiv,Mathsat5NativeApi,org.sosy_lab.java_smt.solvers.mathsat5,java-smt-2.0.0\src\org\sosy_lab\java_smt\solvers\mathsat5\Mathsat5NativeApi.java,Mathsat5NativeApi.java,java-smt,java-smt-2.0.0,01/10/2019
121,CS121,UnusedDeclaration,,msat_term_is_plus,Mathsat5NativeApi,org.sosy_lab.java_smt.solvers.mathsat5,java-smt-2.0.0\src\org\sosy_lab\java_smt\solvers\mathsat5\Mathsat5NativeApi.java,Mathsat5NativeApi.java,java-smt,java-smt-2.0.0,01/10/2019
122,CS122,UnusedDeclaration,,msat_destroy_model,Mathsat5NativeApi,org.sosy_lab.java_smt.solvers.mathsat5,java-smt-2.0.0\src\org\sosy_lab\java_smt\solvers\mathsat5\Mathsat5NativeApi.java,Mathsat5NativeApi.java,java-smt,java-smt-2.0.0,01/10/2019
123,CS123,UnusedDeclaration,,msat_get_model,Mathsat5NativeApi,org.sosy_lab.java_smt.solvers.mathsat5,java-smt-2.0.0\src\org\sosy_lab\java_smt\solvers\mathsat5\Mathsat5NativeApi.java,Mathsat5NativeApi.java,java-smt,java-smt-2.0.0,01/10/2019
124,CS124,UnusedDeclaration,,msat_make_bv_lshl,Mathsat5NativeApi,org.sosy_lab.java_smt.solvers.mathsat5,java-smt-2.0.0\src\org\sosy_lab\java_smt\solvers\mathsat5\Mathsat5NativeApi.java,Mathsat5NativeApi.java,java-smt,java-smt-2.0.0,01/10/2019
125,CS125,UnusedDeclaration,,msat_term_is_int_from_ubv,Mathsat5NativeApi,org.sosy_lab.java_smt.solvers.mathsat5,java-smt-2.0.0\src\org\sosy_lab\java_smt\solvers\mathsat5\Mathsat5NativeApi.java,Mathsat5NativeApi.java,java-smt,java-smt-2.0.0,01/10/2019
126,CS126,UnusedDeclaration,,msat_get_simple_type,Mathsat5NativeApi,org.sosy_lab.java_smt.solvers.mathsat5,java-smt-2.0.0\src\org\sosy_lab\java_smt\solvers\mathsat5\Mathsat5NativeApi.java,Mathsat5NativeApi.java,java-smt,java-smt-2.0.0,01/10/2019
127,CS127,UnusedDeclaration,,msat_objective_value_term,Mathsat5NativeApi,org.sosy_lab.java_smt.solvers.mathsat5,java-smt-2.0.0\src\org\sosy_lab\java_smt\solvers\mathsat5\Mathsat5NativeApi.java,Mathsat5NativeApi.java,java-smt,java-smt-2.0.0,01/10/2019
128,CS128,UnusedDeclaration,,msat_term_is_bv_or,Mathsat5NativeApi,org.sosy_lab.java_smt.solvers.mathsat5,java-smt-2.0.0\src\org\sosy_lab\java_smt\solvers\mathsat5\Mathsat5NativeApi.java,Mathsat5NativeApi.java,java-smt,java-smt-2.0.0,01/10/2019
129,CS129,UnusedDeclaration,,msat_term_is_iff,Mathsat5NativeApi,org.sosy_lab.java_smt.solvers.mathsat5,java-smt-2.0.0\src\org\sosy_lab\java_smt\solvers\mathsat5\Mathsat5NativeApi.java,Mathsat5NativeApi.java,java-smt,java-smt-2.0.0,01/10/2019
130,CS130,UnusedDeclaration,,msat_objective_value_is_plus_inf,Mathsat5NativeApi,org.sosy_lab.java_smt.solvers.mathsat5,java-smt-2.0.0\src\org\sosy_lab\java_smt\solvers\mathsat5\Mathsat5NativeApi.java,Mathsat5NativeApi.java,java-smt,java-smt-2.0.0,01/10/2019
131,CS131,UnusedDeclaration,,msat_make_pi,Mathsat5NativeApi,org.sosy_lab.java_smt.solvers.mathsat5,java-smt-2.0.0\src\org\sosy_lab\java_smt\solvers\mathsat5\Mathsat5NativeApi.java,Mathsat5NativeApi.java,java-smt,java-smt-2.0.0,01/10/2019
132,CS132,UnusedDeclaration,,msat_term_get_arg,Mathsat5NativeApi,org.sosy_lab.java_smt.solvers.mathsat5,java-smt-2.0.0\src\org\sosy_lab\java_smt\solvers\mathsat5\Mathsat5NativeApi.java,Mathsat5NativeApi.java,java-smt,java-smt-2.0.0,01/10/2019
133,CS133,UnusedDeclaration,,msat_type_equals,Mathsat5NativeApi,org.sosy_lab.java_smt.solvers.mathsat5,java-smt-2.0.0\src\org\sosy_lab\java_smt\solvers\mathsat5\Mathsat5NativeApi.java,Mathsat5NativeApi.java,java-smt,java-smt-2.0.0,01/10/2019
134,CS134,UnusedDeclaration,,msat_objective_get_type,Mathsat5NativeApi,org.sosy_lab.java_smt.solvers.mathsat5,java-smt-2.0.0\src\org\sosy_lab\java_smt\solvers\mathsat5\Mathsat5NativeApi.java,Mathsat5NativeApi.java,java-smt,java-smt-2.0.0,01/10/2019
135,CS135,UnusedDeclaration,,msat_make_fp_abs,Mathsat5NativeApi,org.sosy_lab.java_smt.solvers.mathsat5,java-smt-2.0.0\src\org\sosy_lab\java_smt\solvers\mathsat5\Mathsat5NativeApi.java,Mathsat5NativeApi.java,java-smt,java-smt-2.0.0,01/10/2019
136,CS136,UnusedDeclaration,,msat_term_is_bv_plus,Mathsat5NativeApi,org.sosy_lab.java_smt.solvers.mathsat5,java-smt-2.0.0\src\org\sosy_lab\java_smt\solvers\mathsat5\Mathsat5NativeApi.java,Mathsat5NativeApi.java,java-smt,java-smt-2.0.0,01/10/2019
137,CS137,UnusedDeclaration,,msat_term_is_equal,Mathsat5NativeApi,org.sosy_lab.java_smt.solvers.mathsat5,java-smt-2.0.0\src\org\sosy_lab\java_smt\solvers\mathsat5\Mathsat5NativeApi.java,Mathsat5NativeApi.java,java-smt,java-smt-2.0.0,01/10/2019
138,CS138,UnusedDeclaration,,msat_make_bv_neg,Mathsat5NativeApi,org.sosy_lab.java_smt.solvers.mathsat5,java-smt-2.0.0\src\org\sosy_lab\java_smt\solvers\mathsat5\Mathsat5NativeApi.java,Mathsat5NativeApi.java,java-smt,java-smt-2.0.0,01/10/2019
139,CS139,UnusedDeclaration,,msat_destroy_objective_iterator,Mathsat5NativeApi,org.sosy_lab.java_smt.solvers.mathsat5,java-smt-2.0.0\src\org\sosy_lab\java_smt\solvers\mathsat5\Mathsat5NativeApi.java,Mathsat5NativeApi.java,java-smt,java-smt-2.0.0,01/10/2019
140,CS140,UnusedDeclaration,,msat_make_uf,Mathsat5NativeApi,org.sosy_lab.java_smt.solvers.mathsat5,java-smt-2.0.0\src\org\sosy_lab\java_smt\solvers\mathsat5\Mathsat5NativeApi.java,Mathsat5NativeApi.java,java-smt,java-smt-2.0.0,01/10/2019
141,CS141,UnusedDeclaration,,msat_from_string,Mathsat5NativeApi,org.sosy_lab.java_smt.solvers.mathsat5,java-smt-2.0.0\src\org\sosy_lab\java_smt\solvers\mathsat5\Mathsat5NativeApi.java,Mathsat5NativeApi.java,java-smt,java-smt-2.0.0,01/10/2019
142,CS142,UnusedDeclaration,,msat_pop_backtrack_point,Mathsat5NativeApi,org.sosy_lab.java_smt.solvers.mathsat5,java-smt-2.0.0\src\org\sosy_lab\java_smt\solvers\mathsat5\Mathsat5NativeApi.java,Mathsat5NativeApi.java,java-smt,java-smt-2.0.0,01/10/2019
143,CS143,UnusedDeclaration,,msat_gc_env,Mathsat5NativeApi,org.sosy_lab.java_smt.solvers.mathsat5,java-smt-2.0.0\src\org\sosy_lab\java_smt\solvers\mathsat5\Mathsat5NativeApi.java,Mathsat5NativeApi.java,java-smt,java-smt-2.0.0,01/10/2019
144,CS144,UnusedDeclaration,,msat_term_is_divide,Mathsat5NativeApi,org.sosy_lab.java_smt.solvers.mathsat5,java-smt-2.0.0\src\org\sosy_lab\java_smt\solvers\mathsat5\Mathsat5NativeApi.java,Mathsat5NativeApi.java,java-smt,java-smt-2.0.0,01/10/2019
145,CS145,UnusedDeclaration,,msat_make_iff,Mathsat5NativeApi,org.sosy_lab.java_smt.solvers.mathsat5,java-smt-2.0.0\src\org\sosy_lab\java_smt\solvers\mathsat5\Mathsat5NativeApi.java,Mathsat5NativeApi.java,java-smt,java-smt-2.0.0,01/10/2019
146,CS146,UnusedDeclaration,,msat_make_fp_isneg,Mathsat5NativeApi,org.sosy_lab.java_smt.solvers.mathsat5,java-smt-2.0.0\src\org\sosy_lab\java_smt\solvers\mathsat5\Mathsat5NativeApi.java,Mathsat5NativeApi.java,java-smt,java-smt-2.0.0,01/10/2019
147,CS147,UnusedDeclaration,,msat_make_bv_uleq,Mathsat5NativeApi,org.sosy_lab.java_smt.solvers.mathsat5,java-smt-2.0.0\src\org\sosy_lab\java_smt\solvers\mathsat5\Mathsat5NativeApi.java,Mathsat5NativeApi.java,java-smt,java-smt-2.0.0,01/10/2019
148,CS148,UnusedDeclaration,,msat_named_list_to_smtlib2,Mathsat5NativeApi,org.sosy_lab.java_smt.solvers.mathsat5,java-smt-2.0.0\src\org\sosy_lab\java_smt\solvers\mathsat5\Mathsat5NativeApi.java,Mathsat5NativeApi.java,java-smt,java-smt-2.0.0,01/10/2019
149,CS149,UnusedDeclaration,,msat_objective_value_is_strict,Mathsat5NativeApi,org.sosy_lab.java_smt.solvers.mathsat5,java-smt-2.0.0\src\org\sosy_lab\java_smt\solvers\mathsat5\Mathsat5NativeApi.java,Mathsat5NativeApi.java,java-smt,java-smt-2.0.0,01/10/2019
150,CS150,UnusedDeclaration,,msat_make_fp_bits_number,Mathsat5NativeApi,org.sosy_lab.java_smt.solvers.mathsat5,java-smt-2.0.0\src\org\sosy_lab\java_smt\solvers\mathsat5\Mathsat5NativeApi.java,Mathsat5NativeApi.java,java-smt,java-smt-2.0.0,01/10/2019
151,CS151,UnusedDeclaration,,msat_get_unsat_assumptions,Mathsat5NativeApi,org.sosy_lab.java_smt.solvers.mathsat5,java-smt-2.0.0\src\org\sosy_lab\java_smt\solvers\mathsat5\Mathsat5NativeApi.java,Mathsat5NativeApi.java,java-smt,java-smt-2.0.0,01/10/2019
152,CS152,UnusedDeclaration,,msat_make_fp_issubnormal,Mathsat5NativeApi,org.sosy_lab.java_smt.solvers.mathsat5,java-smt-2.0.0\src\org\sosy_lab\java_smt\solvers\mathsat5\Mathsat5NativeApi.java,Mathsat5NativeApi.java,java-smt,java-smt-2.0.0,01/10/2019
153,CS153,UnusedDeclaration,,msat_create_model_iterator,Mathsat5NativeApi,org.sosy_lab.java_smt.solvers.mathsat5,java-smt-2.0.0\src\org\sosy_lab\java_smt\solvers\mathsat5\Mathsat5NativeApi.java,Mathsat5NativeApi.java,java-smt,java-smt-2.0.0,01/10/2019
154,CS154,UnusedDeclaration,,msat_term_is_bv_ror,Mathsat5NativeApi,org.sosy_lab.java_smt.solvers.mathsat5,java-smt-2.0.0\src\org\sosy_lab\java_smt\solvers\mathsat5\Mathsat5NativeApi.java,Mathsat5NativeApi.java,java-smt,java-smt-2.0.0,01/10/2019
155,CS155,UnusedDeclaration,,msat_make_fp_isinf,Mathsat5NativeApi,org.sosy_lab.java_smt.solvers.mathsat5,java-smt-2.0.0\src\org\sosy_lab\java_smt\solvers\mathsat5\Mathsat5NativeApi.java,Mathsat5NativeApi.java,java-smt,java-smt-2.0.0,01/10/2019
156,CS156,UnusedDeclaration,,msat_make_fp_sqrt,Mathsat5NativeApi,org.sosy_lab.java_smt.solvers.mathsat5,java-smt-2.0.0\src\org\sosy_lab\java_smt\solvers\mathsat5\Mathsat5NativeApi.java,Mathsat5NativeApi.java,java-smt,java-smt-2.0.0,01/10/2019
157,CS157,UnusedDeclaration,,msat_get_bv_type_size,Mathsat5NativeApi,org.sosy_lab.java_smt.solvers.mathsat5,java-smt-2.0.0\src\org\sosy_lab\java_smt\solvers\mathsat5\Mathsat5NativeApi.java,Mathsat5NativeApi.java,java-smt,java-smt-2.0.0,01/10/2019
158,CS158,UnusedDeclaration,,msat_create_env,Mathsat5NativeApi,org.sosy_lab.java_smt.solvers.mathsat5,java-smt-2.0.0\src\org\sosy_lab\java_smt\solvers\mathsat5\Mathsat5NativeApi.java,Mathsat5NativeApi.java,java-smt,java-smt-2.0.0,01/10/2019
159,CS159,UnusedDeclaration,,msat_make_true,Mathsat5NativeApi,org.sosy_lab.java_smt.solvers.mathsat5,java-smt-2.0.0\src\org\sosy_lab\java_smt\solvers\mathsat5\Mathsat5NativeApi.java,Mathsat5NativeApi.java,java-smt,java-smt-2.0.0,01/10/2019
160,CS160,UnusedDeclaration,,msat_objective_iterator_next,Mathsat5NativeApi,org.sosy_lab.java_smt.solvers.mathsat5,java-smt-2.0.0\src\org\sosy_lab\java_smt\solvers\mathsat5\Mathsat5NativeApi.java,Mathsat5NativeApi.java,java-smt,java-smt-2.0.0,01/10/2019
161,CS161,UnusedDeclaration,,msat_model_eval,Mathsat5NativeApi,org.sosy_lab.java_smt.solvers.mathsat5,java-smt-2.0.0\src\org\sosy_lab\java_smt\solvers\mathsat5\Mathsat5NativeApi.java,Mathsat5NativeApi.java,java-smt,java-smt-2.0.0,01/10/2019
162,CS162,UnusedDeclaration,,msat_make_fp_max,Mathsat5NativeApi,org.sosy_lab.java_smt.solvers.mathsat5,java-smt-2.0.0\src\org\sosy_lab\java_smt\solvers\mathsat5\Mathsat5NativeApi.java,Mathsat5NativeApi.java,java-smt,java-smt-2.0.0,01/10/2019
163,CS163,UnusedDeclaration,,msat_find_decl,Mathsat5NativeApi,org.sosy_lab.java_smt.solvers.mathsat5,java-smt-2.0.0\src\org\sosy_lab\java_smt\solvers\mathsat5\Mathsat5NativeApi.java,Mathsat5NativeApi.java,java-smt,java-smt-2.0.0,01/10/2019
164,CS164,UnusedDeclaration,,msat_decl_id,Mathsat5NativeApi,org.sosy_lab.java_smt.solvers.mathsat5,java-smt-2.0.0\src\org\sosy_lab\java_smt\solvers\mathsat5\Mathsat5NativeApi.java,Mathsat5NativeApi.java,java-smt,java-smt-2.0.0,01/10/2019
165,CS165,UnusedDeclaration,,msat_declare_function,Mathsat5NativeApi,org.sosy_lab.java_smt.solvers.mathsat5,java-smt-2.0.0\src\org\sosy_lab\java_smt\solvers\mathsat5\Mathsat5NativeApi.java,Mathsat5NativeApi.java,java-smt,java-smt-2.0.0,01/10/2019
166,CS166,UnusedDeclaration,,msat_term_is_bv_ult,Mathsat5NativeApi,org.sosy_lab.java_smt.solvers.mathsat5,java-smt-2.0.0\src\org\sosy_lab\java_smt\solvers\mathsat5\Mathsat5NativeApi.java,Mathsat5NativeApi.java,java-smt,java-smt-2.0.0,01/10/2019
167,CS167,UnusedDeclaration,,msat_get_theory_lemmas,Mathsat5NativeApi,org.sosy_lab.java_smt.solvers.mathsat5,java-smt-2.0.0\src\org\sosy_lab\java_smt\solvers\mathsat5\Mathsat5NativeApi.java,Mathsat5NativeApi.java,java-smt,java-smt-2.0.0,01/10/2019
168,CS168,UnusedDeclaration,,msat_make_fp_minus_inf,Mathsat5NativeApi,org.sosy_lab.java_smt.solvers.mathsat5,java-smt-2.0.0\src\org\sosy_lab\java_smt\solvers\mathsat5\Mathsat5NativeApi.java,Mathsat5NativeApi.java,java-smt,java-smt-2.0.0,01/10/2019
169,CS169,UnusedDeclaration,,msat_term_is_bv_urem,Mathsat5NativeApi,org.sosy_lab.java_smt.solvers.mathsat5,java-smt-2.0.0\src\org\sosy_lab\java_smt\solvers\mathsat5\Mathsat5NativeApi.java,Mathsat5NativeApi.java,java-smt,java-smt-2.0.0,01/10/2019
170,CS170,UnusedDeclaration,,msat_term_is_bv_extract,Mathsat5NativeApi,org.sosy_lab.java_smt.solvers.mathsat5,java-smt-2.0.0\src\org\sosy_lab\java_smt\solvers\mathsat5\Mathsat5NativeApi.java,Mathsat5NativeApi.java,java-smt,java-smt-2.0.0,01/10/2019
171,CS171,UnusedDeclaration,,msat_term_is_number,Mathsat5NativeApi,org.sosy_lab.java_smt.solvers.mathsat5,java-smt-2.0.0\src\org\sosy_lab\java_smt\solvers\mathsat5\Mathsat5NativeApi.java,Mathsat5NativeApi.java,java-smt,java-smt-2.0.0,01/10/2019
172,CS172,UnusedDeclaration,,msat_term_is_bv_lshl,Mathsat5NativeApi,org.sosy_lab.java_smt.solvers.mathsat5,java-smt-2.0.0\src\org\sosy_lab\java_smt\solvers\mathsat5\Mathsat5NativeApi.java,Mathsat5NativeApi.java,java-smt,java-smt-2.0.0,01/10/2019
173,CS173,UnusedDeclaration,,msat_make_bv_minus,Mathsat5NativeApi,org.sosy_lab.java_smt.solvers.mathsat5,java-smt-2.0.0\src\org\sosy_lab\java_smt\solvers\mathsat5\Mathsat5NativeApi.java,Mathsat5NativeApi.java,java-smt,java-smt-2.0.0,01/10/2019
174,CS174,UnusedDeclaration,,msat_term_is_bv_sext,Mathsat5NativeApi,org.sosy_lab.java_smt.solvers.mathsat5,java-smt-2.0.0\src\org\sosy_lab\java_smt\solvers\mathsat5\Mathsat5NativeApi.java,Mathsat5NativeApi.java,java-smt,java-smt-2.0.0,01/10/2019
175,CS175,UnusedDeclaration,,msat_make_bv_times,Mathsat5NativeApi,org.sosy_lab.java_smt.solvers.mathsat5,java-smt-2.0.0\src\org\sosy_lab\java_smt\solvers\mathsat5\Mathsat5NativeApi.java,Mathsat5NativeApi.java,java-smt,java-smt-2.0.0,01/10/2019
176,CS176,UnusedDeclaration,,msat_assert_soft_formula,Mathsat5NativeApi,org.sosy_lab.java_smt.solvers.mathsat5,java-smt-2.0.0\src\org\sosy_lab\java_smt\solvers\mathsat5\Mathsat5NativeApi.java,Mathsat5NativeApi.java,java-smt,java-smt-2.0.0,01/10/2019
177,CS177,UnusedDeclaration,,msat_get_asserted_formulas,Mathsat5NativeApi,org.sosy_lab.java_smt.solvers.mathsat5,java-smt-2.0.0\src\org\sosy_lab\java_smt\solvers\mathsat5\Mathsat5NativeApi.java,Mathsat5NativeApi.java,java-smt,java-smt-2.0.0,01/10/2019
178,CS178,UnusedDeclaration,,msat_make_floor,Mathsat5NativeApi,org.sosy_lab.java_smt.solvers.mathsat5,java-smt-2.0.0\src\org\sosy_lab\java_smt\solvers\mathsat5\Mathsat5NativeApi.java,Mathsat5NativeApi.java,java-smt,java-smt-2.0.0,01/10/2019
179,CS179,UnusedDeclaration,,msat_from_smtlib1,Mathsat5NativeApi,org.sosy_lab.java_smt.solvers.mathsat5,java-smt-2.0.0\src\org\sosy_lab\java_smt\solvers\mathsat5\Mathsat5NativeApi.java,Mathsat5NativeApi.java,java-smt,java-smt-2.0.0,01/10/2019
180,CS180,UnusedDeclaration,,msat_make_bv_xor,Mathsat5NativeApi,org.sosy_lab.java_smt.solvers.mathsat5,java-smt-2.0.0\src\org\sosy_lab\java_smt\solvers\mathsat5\Mathsat5NativeApi.java,Mathsat5NativeApi.java,java-smt,java-smt-2.0.0,01/10/2019
181,CS181,UnusedDeclaration,,msat_make_bv_urem,Mathsat5NativeApi,org.sosy_lab.java_smt.solvers.mathsat5,java-smt-2.0.0\src\org\sosy_lab\java_smt\solvers\mathsat5\Mathsat5NativeApi.java,Mathsat5NativeApi.java,java-smt,java-smt-2.0.0,01/10/2019
182,CS182,UnusedDeclaration,,msat_get_array_index_type,Mathsat5NativeApi,org.sosy_lab.java_smt.solvers.mathsat5,java-smt-2.0.0\src\org\sosy_lab\java_smt\solvers\mathsat5\Mathsat5NativeApi.java,Mathsat5NativeApi.java,java-smt,java-smt-2.0.0,01/10/2019
183,CS183,UnusedDeclaration,,msat_push_minimize,Mathsat5NativeApi,org.sosy_lab.java_smt.solvers.mathsat5,java-smt-2.0.0\src\org\sosy_lab\java_smt\solvers\mathsat5\Mathsat5NativeApi.java,Mathsat5NativeApi.java,java-smt,java-smt-2.0.0,01/10/2019
184,CS184,UnusedDeclaration,,msat_term_is_leq,Mathsat5NativeApi,org.sosy_lab.java_smt.solvers.mathsat5,java-smt-2.0.0\src\org\sosy_lab\java_smt\solvers\mathsat5\Mathsat5NativeApi.java,Mathsat5NativeApi.java,java-smt,java-smt-2.0.0,01/10/2019
185,CS185,UnusedDeclaration,,msat_destroy_config,Mathsat5NativeApi,org.sosy_lab.java_smt.solvers.mathsat5,java-smt-2.0.0\src\org\sosy_lab\java_smt\solvers\mathsat5\Mathsat5NativeApi.java,Mathsat5NativeApi.java,java-smt,java-smt-2.0.0,01/10/2019
186,CS186,UnusedDeclaration,,msat_make_bv_sext,Mathsat5NativeApi,org.sosy_lab.java_smt.solvers.mathsat5,java-smt-2.0.0\src\org\sosy_lab\java_smt\solvers\mathsat5\Mathsat5NativeApi.java,Mathsat5NativeApi.java,java-smt,java-smt-2.0.0,01/10/2019
187,CS187,UnusedDeclaration,,msat_set_termination_test,Mathsat5NativeApi,org.sosy_lab.java_smt.solvers.mathsat5,java-smt-2.0.0\src\org\sosy_lab\java_smt\solvers\mathsat5\Mathsat5NativeApi.java,Mathsat5NativeApi.java,java-smt,java-smt-2.0.0,01/10/2019
188,CS188,UnusedDeclaration,,msat_make_bv_ult,Mathsat5NativeApi,org.sosy_lab.java_smt.solvers.mathsat5,java-smt-2.0.0\src\org\sosy_lab\java_smt\solvers\mathsat5\Mathsat5NativeApi.java,Mathsat5NativeApi.java,java-smt,java-smt-2.0.0,01/10/2019
189,CS189,UnusedDeclaration,,msat_make_bv_and,Mathsat5NativeApi,org.sosy_lab.java_smt.solvers.mathsat5,java-smt-2.0.0\src\org\sosy_lab\java_smt\solvers\mathsat5\Mathsat5NativeApi.java,Mathsat5NativeApi.java,java-smt,java-smt-2.0.0,01/10/2019
190,CS190,UnusedDeclaration,,msat_is_bool_type,Mathsat5NativeApi,org.sosy_lab.java_smt.solvers.mathsat5,java-smt-2.0.0\src\org\sosy_lab\java_smt\solvers\mathsat5\Mathsat5NativeApi.java,Mathsat5NativeApi.java,java-smt,java-smt-2.0.0,01/10/2019
191,CS191,UnusedDeclaration,,msat_named_list_from_smtlib2,Mathsat5NativeApi,org.sosy_lab.java_smt.solvers.mathsat5,java-smt-2.0.0\src\org\sosy_lab\java_smt\solvers\mathsat5\Mathsat5NativeApi.java,Mathsat5NativeApi.java,java-smt,java-smt-2.0.0,01/10/2019
192,CS192,UnusedDeclaration,,msat_term_is_array_const,Mathsat5NativeApi,org.sosy_lab.java_smt.solvers.mathsat5,java-smt-2.0.0\src\org\sosy_lab\java_smt\solvers\mathsat5\Mathsat5NativeApi.java,Mathsat5NativeApi.java,java-smt,java-smt-2.0.0,01/10/2019
193,CS193,UnusedDeclaration,,msat_get_rational_type,Mathsat5NativeApi,org.sosy_lab.java_smt.solvers.mathsat5,java-smt-2.0.0\src\org\sosy_lab\java_smt\solvers\mathsat5\Mathsat5NativeApi.java,Mathsat5NativeApi.java,java-smt,java-smt-2.0.0,01/10/2019
194,CS194,UnusedDeclaration,,msat_create_shared_env,Mathsat5NativeApi,org.sosy_lab.java_smt.solvers.mathsat5,java-smt-2.0.0\src\org\sosy_lab\java_smt\solvers\mathsat5\Mathsat5NativeApi.java,Mathsat5NativeApi.java,java-smt,java-smt-2.0.0,01/10/2019
195,CS195,UnusedDeclaration,,msat_term_is_uf,Mathsat5NativeApi,org.sosy_lab.java_smt.solvers.mathsat5,java-smt-2.0.0\src\org\sosy_lab\java_smt\solvers\mathsat5\Mathsat5NativeApi.java,Mathsat5NativeApi.java,java-smt,java-smt-2.0.0,01/10/2019
196,CS196,UnusedDeclaration,,msat_make_plus,Mathsat5NativeApi,org.sosy_lab.java_smt.solvers.mathsat5,java-smt-2.0.0\src\org\sosy_lab\java_smt\solvers\mathsat5\Mathsat5NativeApi.java,Mathsat5NativeApi.java,java-smt,java-smt-2.0.0,01/10/2019
197,CS197,UnusedDeclaration,,msat_make_bv_zext,Mathsat5NativeApi,org.sosy_lab.java_smt.solvers.mathsat5,java-smt-2.0.0\src\org\sosy_lab\java_smt\solvers\mathsat5\Mathsat5NativeApi.java,Mathsat5NativeApi.java,java-smt,java-smt-2.0.0,01/10/2019
198,CS198,UnusedDeclaration,,msat_make_sin,Mathsat5NativeApi,org.sosy_lab.java_smt.solvers.mathsat5,java-smt-2.0.0\src\org\sosy_lab\java_smt\solvers\mathsat5\Mathsat5NativeApi.java,Mathsat5NativeApi.java,java-smt,java-smt-2.0.0,01/10/2019
199,CS199,UnusedDeclaration,,msat_apply_substitution,Mathsat5NativeApi,org.sosy_lab.java_smt.solvers.mathsat5,java-smt-2.0.0\src\org\sosy_lab\java_smt\solvers\mathsat5\Mathsat5NativeApi.java,Mathsat5NativeApi.java,java-smt,java-smt-2.0.0,01/10/2019
200,CS200,UnusedDeclaration,,msat_term_is_bv_uleq,Mathsat5NativeApi,org.sosy_lab.java_smt.solvers.mathsat5,java-smt-2.0.0\src\org\sosy_lab\java_smt\solvers\mathsat5\Mathsat5NativeApi.java,Mathsat5NativeApi.java,java-smt,java-smt-2.0.0,01/10/2019
201,CS201,UnusedDeclaration,,msat_make_array_write,Mathsat5NativeApi,org.sosy_lab.java_smt.solvers.mathsat5,java-smt-2.0.0\src\org\sosy_lab\java_smt\solvers\mathsat5\Mathsat5NativeApi.java,Mathsat5NativeApi.java,java-smt,java-smt-2.0.0,01/10/2019
202,CS202,UnusedDeclaration,,msat_term_is_and,Mathsat5NativeApi,org.sosy_lab.java_smt.solvers.mathsat5,java-smt-2.0.0\src\org\sosy_lab\java_smt\solvers\mathsat5\Mathsat5NativeApi.java,Mathsat5NativeApi.java,java-smt,java-smt-2.0.0,01/10/2019
203,CS203,UnusedDeclaration,,msat_create_config,Mathsat5NativeApi,org.sosy_lab.java_smt.solvers.mathsat5,java-smt-2.0.0\src\org\sosy_lab\java_smt\solvers\mathsat5\Mathsat5NativeApi.java,Mathsat5NativeApi.java,java-smt,java-smt-2.0.0,01/10/2019
204,CS204,UnusedDeclaration,,msat_make_int_from_ubv,Mathsat5NativeApi,org.sosy_lab.java_smt.solvers.mathsat5,java-smt-2.0.0\src\org\sosy_lab\java_smt\solvers\mathsat5\Mathsat5NativeApi.java,Mathsat5NativeApi.java,java-smt,java-smt-2.0.0,01/10/2019
205,CS205,UnusedDeclaration,,msat_make_copy_from,Mathsat5NativeApi,org.sosy_lab.java_smt.solvers.mathsat5,java-smt-2.0.0\src\org\sosy_lab\java_smt\solvers\mathsat5\Mathsat5NativeApi.java,Mathsat5NativeApi.java,java-smt,java-smt-2.0.0,01/10/2019
206,CS206,UnusedDeclaration,,msat_make_bv_number,Mathsat5NativeApi,org.sosy_lab.java_smt.solvers.mathsat5,java-smt-2.0.0\src\org\sosy_lab\java_smt\solvers\mathsat5\Mathsat5NativeApi.java,Mathsat5NativeApi.java,java-smt,java-smt-2.0.0,01/10/2019
207,CS207,UnusedDeclaration,,msat_make_equal,Mathsat5NativeApi,org.sosy_lab.java_smt.solvers.mathsat5,java-smt-2.0.0\src\org\sosy_lab\java_smt\solvers\mathsat5\Mathsat5NativeApi.java,Mathsat5NativeApi.java,java-smt,java-smt-2.0.0,01/10/2019
208,CS208,UnusedDeclaration,,msat_make_bv_int_number,Mathsat5NativeApi,org.sosy_lab.java_smt.solvers.mathsat5,java-smt-2.0.0\src\org\sosy_lab\java_smt\solvers\mathsat5\Mathsat5NativeApi.java,Mathsat5NativeApi.java,java-smt,java-smt-2.0.0,01/10/2019
209,CS209,UnusedDeclaration,,msat_term_is_term_ite,Mathsat5NativeApi,org.sosy_lab.java_smt.solvers.mathsat5,java-smt-2.0.0\src\org\sosy_lab\java_smt\solvers\mathsat5\Mathsat5NativeApi.java,Mathsat5NativeApi.java,java-smt,java-smt-2.0.0,01/10/2019
210,CS210,UnusedDeclaration,,msat_term_is_true,Mathsat5NativeApi,org.sosy_lab.java_smt.solvers.mathsat5,java-smt-2.0.0\src\org\sosy_lab\java_smt\solvers\mathsat5\Mathsat5NativeApi.java,Mathsat5NativeApi.java,java-smt,java-smt-2.0.0,01/10/2019
211,CS211,UnusedDeclaration,,msat_get_version,Mathsat5NativeApi,org.sosy_lab.java_smt.solvers.mathsat5,java-smt-2.0.0\src\org\sosy_lab\java_smt\solvers\mathsat5\Mathsat5NativeApi.java,Mathsat5NativeApi.java,java-smt,java-smt-2.0.0,01/10/2019
212,CS212,UnusedDeclaration,,msat_decl_get_return_type,Mathsat5NativeApi,org.sosy_lab.java_smt.solvers.mathsat5,java-smt-2.0.0\src\org\sosy_lab\java_smt\solvers\mathsat5\Mathsat5NativeApi.java,Mathsat5NativeApi.java,java-smt,java-smt-2.0.0,01/10/2019
213,CS213,UnusedDeclaration,,msat_objective_result,Mathsat5NativeApi,org.sosy_lab.java_smt.solvers.mathsat5,java-smt-2.0.0\src\org\sosy_lab\java_smt\solvers\mathsat5\Mathsat5NativeApi.java,Mathsat5NativeApi.java,java-smt,java-smt-2.0.0,01/10/2019
214,CS214,UnusedDeclaration,,msat_make_exp,Mathsat5NativeApi,org.sosy_lab.java_smt.solvers.mathsat5,java-smt-2.0.0\src\org\sosy_lab\java_smt\solvers\mathsat5\Mathsat5NativeApi.java,Mathsat5NativeApi.java,java-smt,java-smt-2.0.0,01/10/2019
215,CS215,UnusedDeclaration,,msat_model_iterator_has_next,Mathsat5NativeApi,org.sosy_lab.java_smt.solvers.mathsat5,java-smt-2.0.0\src\org\sosy_lab\java_smt\solvers\mathsat5\Mathsat5NativeApi.java,Mathsat5NativeApi.java,java-smt,java-smt-2.0.0,01/10/2019
216,CS216,UnusedDeclaration,,msat_make_fp_round_to_int,Mathsat5NativeApi,org.sosy_lab.java_smt.solvers.mathsat5,java-smt-2.0.0\src\org\sosy_lab\java_smt\solvers\mathsat5\Mathsat5NativeApi.java,Mathsat5NativeApi.java,java-smt,java-smt-2.0.0,01/10/2019
217,CS217,UnusedDeclaration,,msat_get_fp_type_exp_width,Mathsat5NativeApi,org.sosy_lab.java_smt.solvers.mathsat5,java-smt-2.0.0\src\org\sosy_lab\java_smt\solvers\mathsat5\Mathsat5NativeApi.java,Mathsat5NativeApi.java,java-smt,java-smt-2.0.0,01/10/2019
218,CS218,UnusedDeclaration,,msat_make_fp_roundingmode_nearest_even,Mathsat5NativeApi,org.sosy_lab.java_smt.solvers.mathsat5,java-smt-2.0.0\src\org\sosy_lab\java_smt\solvers\mathsat5\Mathsat5NativeApi.java,Mathsat5NativeApi.java,java-smt,java-smt-2.0.0,01/10/2019
219,CS219,UnusedDeclaration,,msat_decl_get_arity,Mathsat5NativeApi,org.sosy_lab.java_smt.solvers.mathsat5,java-smt-2.0.0\src\org\sosy_lab\java_smt\solvers\mathsat5\Mathsat5NativeApi.java,Mathsat5NativeApi.java,java-smt,java-smt-2.0.0,01/10/2019
220,CS220,UnusedDeclaration,,msat_is_fp_roundingmode_type,Mathsat5NativeApi,org.sosy_lab.java_smt.solvers.mathsat5,java-smt-2.0.0\src\org\sosy_lab\java_smt\solvers\mathsat5\Mathsat5NativeApi.java,Mathsat5NativeApi.java,java-smt,java-smt-2.0.0,01/10/2019
221,CS221,UnusedDeclaration,,msat_make_bv_udiv,Mathsat5NativeApi,org.sosy_lab.java_smt.solvers.mathsat5,java-smt-2.0.0\src\org\sosy_lab\java_smt\solvers\mathsat5\Mathsat5NativeApi.java,Mathsat5NativeApi.java,java-smt,java-smt-2.0.0,01/10/2019
222,CS222,UnusedDeclaration,,msat_term_is_bv_neg,Mathsat5NativeApi,org.sosy_lab.java_smt.solvers.mathsat5,java-smt-2.0.0\src\org\sosy_lab\java_smt\solvers\mathsat5\Mathsat5NativeApi.java,Mathsat5NativeApi.java,java-smt,java-smt-2.0.0,01/10/2019
223,CS223,UnusedDeclaration,,msat_get_function_type,Mathsat5NativeApi,org.sosy_lab.java_smt.solvers.mathsat5,java-smt-2.0.0\src\org\sosy_lab\java_smt\solvers\mathsat5\Mathsat5NativeApi.java,Mathsat5NativeApi.java,java-smt,java-smt-2.0.0,01/10/2019
224,CS224,UnusedDeclaration,,msat_get_bv_type,Mathsat5NativeApi,org.sosy_lab.java_smt.solvers.mathsat5,java-smt-2.0.0\src\org\sosy_lab\java_smt\solvers\mathsat5\Mathsat5NativeApi.java,Mathsat5NativeApi.java,java-smt,java-smt-2.0.0,01/10/2019
225,CS225,UnusedDeclaration,,msat_destroy_env,Mathsat5NativeApi,org.sosy_lab.java_smt.solvers.mathsat5,java-smt-2.0.0\src\org\sosy_lab\java_smt\solvers\mathsat5\Mathsat5NativeApi.java,Mathsat5NativeApi.java,java-smt,java-smt-2.0.0,01/10/2019
226,CS226,UnusedDeclaration,,msat_set_model,Mathsat5NativeApi,org.sosy_lab.java_smt.solvers.mathsat5,java-smt-2.0.0\src\org\sosy_lab\java_smt\solvers\mathsat5\Mathsat5NativeApi.java,Mathsat5NativeApi.java,java-smt,java-smt-2.0.0,01/10/2019
227,CS227,UnusedDeclaration,,msat_term_is_pi,Mathsat5NativeApi,org.sosy_lab.java_smt.solvers.mathsat5,java-smt-2.0.0\src\org\sosy_lab\java_smt\solvers\mathsat5\Mathsat5NativeApi.java,Mathsat5NativeApi.java,java-smt,java-smt-2.0.0,01/10/2019
228,CS228,UnusedDeclaration,,msat_make_fp_ispos,Mathsat5NativeApi,org.sosy_lab.java_smt.solvers.mathsat5,java-smt-2.0.0\src\org\sosy_lab\java_smt\solvers\mathsat5\Mathsat5NativeApi.java,Mathsat5NativeApi.java,java-smt,java-smt-2.0.0,01/10/2019
229,CS229,UnusedDeclaration,,msat_term_is_constant,Mathsat5NativeApi,org.sosy_lab.java_smt.solvers.mathsat5,java-smt-2.0.0\src\org\sosy_lab\java_smt\solvers\mathsat5\Mathsat5NativeApi.java,Mathsat5NativeApi.java,java-smt,java-smt-2.0.0,01/10/2019
230,CS230,UnusedDeclaration,,msat_make_fp_equal,Mathsat5NativeApi,org.sosy_lab.java_smt.solvers.mathsat5,java-smt-2.0.0\src\org\sosy_lab\java_smt\solvers\mathsat5\Mathsat5NativeApi.java,Mathsat5NativeApi.java,java-smt,java-smt-2.0.0,01/10/2019
231,CS231,UnusedDeclaration,,msat_decl_get_name,Mathsat5NativeApi,org.sosy_lab.java_smt.solvers.mathsat5,java-smt-2.0.0\src\org\sosy_lab\java_smt\solvers\mathsat5\Mathsat5NativeApi.java,Mathsat5NativeApi.java,java-smt,java-smt-2.0.0,01/10/2019
232,CS232,UnusedDeclaration,,msat_term_is_bv_rol,Mathsat5NativeApi,org.sosy_lab.java_smt.solvers.mathsat5,java-smt-2.0.0\src\org\sosy_lab\java_smt\solvers\mathsat5\Mathsat5NativeApi.java,Mathsat5NativeApi.java,java-smt,java-smt-2.0.0,01/10/2019
233,CS233,UnusedDeclaration,,msat_make_bv_not,Mathsat5NativeApi,org.sosy_lab.java_smt.solvers.mathsat5,java-smt-2.0.0\src\org\sosy_lab\java_smt\solvers\mathsat5\Mathsat5NativeApi.java,Mathsat5NativeApi.java,java-smt,java-smt-2.0.0,01/10/2019
234,CS234,UnusedDeclaration,,msat_make_fp_from_sbv,Mathsat5NativeApi,org.sosy_lab.java_smt.solvers.mathsat5,java-smt-2.0.0\src\org\sosy_lab\java_smt\solvers\mathsat5\Mathsat5NativeApi.java,Mathsat5NativeApi.java,java-smt,java-smt-2.0.0,01/10/2019
235,CS235,UnusedDeclaration,,msat_make_not,Mathsat5NativeApi,org.sosy_lab.java_smt.solvers.mathsat5,java-smt-2.0.0\src\org\sosy_lab\java_smt\solvers\mathsat5\Mathsat5NativeApi.java,Mathsat5NativeApi.java,java-smt,java-smt-2.0.0,01/10/2019
236,CS236,UnusedDeclaration,,msat_set_itp_group,Mathsat5NativeApi,org.sosy_lab.java_smt.solvers.mathsat5,java-smt-2.0.0\src\org\sosy_lab\java_smt\solvers\mathsat5\Mathsat5NativeApi.java,Mathsat5NativeApi.java,java-smt,java-smt-2.0.0,01/10/2019
237,CS237,UnusedDeclaration,,msat_make_fp_leq,Mathsat5NativeApi,org.sosy_lab.java_smt.solvers.mathsat5,java-smt-2.0.0\src\org\sosy_lab\java_smt\solvers\mathsat5\Mathsat5NativeApi.java,Mathsat5NativeApi.java,java-smt,java-smt-2.0.0,01/10/2019
238,CS238,UnusedDeclaration,,msat_make_fp_isnan,Mathsat5NativeApi,org.sosy_lab.java_smt.solvers.mathsat5,java-smt-2.0.0\src\org\sosy_lab\java_smt\solvers\mathsat5\Mathsat5NativeApi.java,Mathsat5NativeApi.java,java-smt,java-smt-2.0.0,01/10/2019
239,CS239,UnusedDeclaration,,msat_get_array_element_type,Mathsat5NativeApi,org.sosy_lab.java_smt.solvers.mathsat5,java-smt-2.0.0\src\org\sosy_lab\java_smt\solvers\mathsat5\Mathsat5NativeApi.java,Mathsat5NativeApi.java,java-smt,java-smt-2.0.0,01/10/2019
240,CS240,UnusedDeclaration,,msat_get_fp_roundingmode_type,Mathsat5NativeApi,org.sosy_lab.java_smt.solvers.mathsat5,java-smt-2.0.0\src\org\sosy_lab\java_smt\solvers\mathsat5\Mathsat5NativeApi.java,Mathsat5NativeApi.java,java-smt,java-smt-2.0.0,01/10/2019
241,CS241,UnusedDeclaration,,msat_decl_get_tag,Mathsat5NativeApi,org.sosy_lab.java_smt.solvers.mathsat5,java-smt-2.0.0\src\org\sosy_lab\java_smt\solvers\mathsat5\Mathsat5NativeApi.java,Mathsat5NativeApi.java,java-smt,java-smt-2.0.0,01/10/2019
242,CS242,UnusedDeclaration,,msat_term_is_log,Mathsat5NativeApi,org.sosy_lab.java_smt.solvers.mathsat5,java-smt-2.0.0\src\org\sosy_lab\java_smt\solvers\mathsat5\Mathsat5NativeApi.java,Mathsat5NativeApi.java,java-smt,java-smt-2.0.0,01/10/2019
243,CS243,UnusedDeclaration,,msat_term_is_bv_sdiv,Mathsat5NativeApi,org.sosy_lab.java_smt.solvers.mathsat5,java-smt-2.0.0\src\org\sosy_lab\java_smt\solvers\mathsat5\Mathsat5NativeApi.java,Mathsat5NativeApi.java,java-smt,java-smt-2.0.0,01/10/2019
244,CS244,UnusedDeclaration,,msat_objective_get_term,Mathsat5NativeApi,org.sosy_lab.java_smt.solvers.mathsat5,java-smt-2.0.0\src\org\sosy_lab\java_smt\solvers\mathsat5\Mathsat5NativeApi.java,Mathsat5NativeApi.java,java-smt,java-smt-2.0.0,01/10/2019
245,CS245,UnusedDeclaration,,msat_term_is_boolean_constant,Mathsat5NativeApi,org.sosy_lab.java_smt.solvers.mathsat5,java-smt-2.0.0\src\org\sosy_lab\java_smt\solvers\mathsat5\Mathsat5NativeApi.java,Mathsat5NativeApi.java,java-smt,java-smt-2.0.0,01/10/2019
246,CS246,UnusedDeclaration,,msat_term_is_bv_slt,Mathsat5NativeApi,org.sosy_lab.java_smt.solvers.mathsat5,java-smt-2.0.0\src\org\sosy_lab\java_smt\solvers\mathsat5\Mathsat5NativeApi.java,Mathsat5NativeApi.java,java-smt,java-smt-2.0.0,01/10/2019
247,CS247,UnusedDeclaration,,msat_get_array_type,Mathsat5NativeApi,org.sosy_lab.java_smt.solvers.mathsat5,java-smt-2.0.0\src\org\sosy_lab\java_smt\solvers\mathsat5\Mathsat5NativeApi.java,Mathsat5NativeApi.java,java-smt,java-smt-2.0.0,01/10/2019
248,CS248,UnusedDeclaration,,msat_get_fp_type,Mathsat5NativeApi,org.sosy_lab.java_smt.solvers.mathsat5,java-smt-2.0.0\src\org\sosy_lab\java_smt\solvers\mathsat5\Mathsat5NativeApi.java,Mathsat5NativeApi.java,java-smt,java-smt-2.0.0,01/10/2019
249,CS249,UnusedDeclaration,,msat_model_create_iterator,Mathsat5NativeApi,org.sosy_lab.java_smt.solvers.mathsat5,java-smt-2.0.0\src\org\sosy_lab\java_smt\solvers\mathsat5\Mathsat5NativeApi.java,Mathsat5NativeApi.java,java-smt,java-smt-2.0.0,01/10/2019
250,CS250,NotUsingRelativePath,z3java,create,Z3SolverContext,org.sosy_lab.java_smt.solvers.z3,java-smt-2.0.0\src\org\sosy_lab\java_smt\solvers\z3\Z3SolverContext.java,Z3SolverContext.java,java-smt,java-smt-2.0.0,01/10/2019
251,CS251,NotUsingRelativePath,z3,create,Z3SolverContext,org.sosy_lab.java_smt.solvers.z3,java-smt-2.0.0\src\org\sosy_lab\java_smt\solvers\z3\Z3SolverContext.java,Z3SolverContext.java,java-smt,java-smt-2.0.0,01/10/2019
252,CS252,NotUsingRelativePath,libz3java,create,Z3SolverContext,org.sosy_lab.java_smt.solvers.z3,java-smt-2.0.0\src\org\sosy_lab\java_smt\solvers\z3\Z3SolverContext.java,Z3SolverContext.java,java-smt,java-smt-2.0.0,01/10/2019
253,CS253,NotUsingRelativePath,libz3,create,Z3SolverContext,org.sosy_lab.java_smt.solvers.z3,java-smt-2.0.0\src\org\sosy_lab\java_smt\solvers\z3\Z3SolverContext.java,Z3SolverContext.java,java-smt,java-smt-2.0.0,01/10/2019
254,CS254,HardCodingLibraries,z3java,create,Z3SolverContext,org.sosy_lab.java_smt.solvers.z3,java-smt-2.0.0\src\org\sosy_lab\java_smt\solvers\z3\Z3SolverContext.java,Z3SolverContext.java,java-smt,java-smt-2.0.0,01/10/2019
255,CS255,HardCodingLibraries,z3,create,Z3SolverContext,org.sosy_lab.java_smt.solvers.z3,java-smt-2.0.0\src\org\sosy_lab\java_smt\solvers\z3\Z3SolverContext.java,Z3SolverContext.java,java-smt,java-smt-2.0.0,01/10/2019
256,CS256,HardCodingLibraries,libz3java,create,Z3SolverContext,org.sosy_lab.java_smt.solvers.z3,java-smt-2.0.0\src\org\sosy_lab\java_smt\solvers\z3\Z3SolverContext.java,Z3SolverContext.java,java-smt,java-smt-2.0.0,01/10/2019
257,CS257,HardCodingLibraries,libz3,create,Z3SolverContext,org.sosy_lab.java_smt.solvers.z3,java-smt-2.0.0\src\org\sosy_lab\java_smt\solvers\z3\Z3SolverContext.java,Z3SolverContext.java,java-smt,java-smt-2.0.0,01/10/2019
258,CS258,UnusedParameters,key,convertValue,Mathsat5FormulaCreator,org.sosy_lab.java_smt.solvers.mathsat5,java-smt-2.0.0\src\org\sosy_lab\java_smt\solvers\mathsat5\Mathsat5FormulaCreator.java,Mathsat5FormulaCreator.java,java-smt,java-smt-2.0.0,01/10/2019
259,CS259,UnusedParameters,pAssumptions,checkSatAssuming,FormulaCollectionScript,org.sosy_lab.java_smt.solvers.smtinterpol,java-smt-2.0.0\src\org\sosy_lab\java_smt\solvers\smtinterpol\FormulaCollectionScript.java,FormulaCollectionScript.java,java-smt,java-smt-2.0.0,01/10/2019
260,CS260,UnusedParameters,pY,findImpliedEquality,FormulaCollectionScript,org.sosy_lab.java_smt.solvers.smtinterpol,java-smt-2.0.0\src\org\sosy_lab\java_smt\solvers\smtinterpol\FormulaCollectionScript.java,FormulaCollectionScript.java,java-smt,java-smt-2.0.0,01/10/2019
261,CS261,UnusedParameters,assumptions,unsatCoreOverAssumptions,Z3OptimizationProver,org.sosy_lab.java_smt.solvers.z3,java-smt-2.0.0\src\org\sosy_lab\java_smt\solvers\z3\Z3OptimizationProver.java,Z3OptimizationProver.java,java-smt,java-smt-2.0.0,01/10/2019
262,CS262,UnusedParameters,value,visitConstant,SolverTacticsTest,org.sosy_lab.java_smt.test,java-smt-2.0.0\src\org\sosy_lab\java_smt\test\SolverTacticsTest.java,SolverTacticsTest.java,java-smt,java-smt-2.0.0,01/10/2019
263,CS263,UnusedParameters,deBruijnIdx,visitBoundVariable,FormulaTransformationVisitorImpl,org.sosy_lab.java_smt.basicimpl,java-smt-2.0.0\src\org\sosy_lab\java_smt\basicimpl\FormulaTransformationVisitorImpl.java,FormulaTransformationVisitorImpl.java,java-smt,java-smt-2.0.0,01/10/2019
264,CS264,UnusedParameters,boundVars,visitQuantifier,DefaultBooleanFormulaVisitor<R>,org.sosy_lab.java_smt.api.visitors,java-smt-2.0.0\src\org\sosy_lab\java_smt\api\visitors\DefaultBooleanFormulaVisitor.java,DefaultBooleanFormulaVisitor.java,java-smt,java-smt-2.0.0,01/10/2019
265,CS265,UnusedParameters,decl,visitAtom,DefaultBooleanFormulaVisitor<R>,org.sosy_lab.java_smt.api.visitors,java-smt-2.0.0\src\org\sosy_lab\java_smt\api\visitors\DefaultBooleanFormulaVisitor.java,DefaultBooleanFormulaVisitor.java,java-smt,java-smt-2.0.0,01/10/2019
266,CS266,UnusedParameters,startOfSubTree,getTreeInterpolants,Mathsat5InterpolatingProver,org.sosy_lab.java_smt.solvers.mathsat5,java-smt-2.0.0\src\org\sosy_lab\java_smt\solvers\mathsat5\Mathsat5InterpolatingProver.java,Mathsat5InterpolatingProver.java,java-smt,java-smt-2.0.0,01/10/2019
267,CS267,UnusedParameters,quantifiedAST,visitQuantifier,BooleanFormulaTransformationVisitor,org.sosy_lab.java_smt.api.visitors,java-smt-2.0.0\src\org\sosy_lab\java_smt\api\visitors\BooleanFormulaTransformationVisitor.java,BooleanFormulaTransformationVisitor.java,java-smt,java-smt-2.0.0,01/10/2019
268,CS268,UnusedParameters,levels,pop,FormulaCollectionScript,org.sosy_lab.java_smt.solvers.smtinterpol,java-smt-2.0.0\src\org\sosy_lab\java_smt\solvers\smtinterpol\FormulaCollectionScript.java,FormulaCollectionScript.java,java-smt,java-smt-2.0.0,01/10/2019
269,CS269,UnusedParameters,pThenFormula,visitIfThenElse,DefaultBooleanFormulaVisitor<R>,org.sosy_lab.java_smt.api.visitors,java-smt-2.0.0\src\org\sosy_lab\java_smt\api\visitors\DefaultBooleanFormulaVisitor.java,DefaultBooleanFormulaVisitor.java,java-smt,java-smt-2.0.0,01/10/2019
270,CS270,UnusedParameters,b TFormulaInfo,modularCongruence,AbstractNumeralFormulaManager<,org.sosy_lab.java_smt.basicimpl,java-smt-2.0.0\src\org\sosy_lab\java_smt\basicimpl\AbstractNumeralFormulaManager.java,AbstractNumeralFormulaManager.java,java-smt,java-smt-2.0.0,01/10/2019
271,CS271,UnusedParameters,a  TFormulaInfo,modularCongruence,AbstractNumeralFormulaManager<,,java-smt-2.0.0\src\org\sosy_lab\java_smt\basicimpl\AbstractNumeralFormulaManager.java,AbstractNumeralFormulaManager.java,java-smt,java-smt-2.0.0,01/10/2019
272,CS272,UnusedParameters,quantifier,visitQuantifier,DefaultBooleanFormulaVisitor<R>,org.sosy_lab.java_smt.api.visitors,java-smt-2.0.0\src\org\sosy_lab\java_smt\api\visitors\DefaultBooleanFormulaVisitor.java,DefaultBooleanFormulaVisitor.java,java-smt,java-smt-2.0.0,01/10/2019
273,CS273,UnusedParameters,m TFormulaInfo,modularCongruence,AbstractNumeralFormulaManager<,org.sosy_lab.java_smt.basicimpl,java-smt-2.0.0\src\org\sosy_lab\java_smt\basicimpl\AbstractNumeralFormulaManager.java,AbstractNumeralFormulaManager.java,java-smt,java-smt-2.0.0,01/10/2019
274,CS274,UnusedParameters,startOfSubtree,getInterpolants,FormulaCollectionScript,org.sosy_lab.java_smt.solvers.smtinterpol,java-smt-2.0.0\src\org\sosy_lab\java_smt\solvers\smtinterpol\FormulaCollectionScript.java,FormulaCollectionScript.java,java-smt,java-smt-2.0.0,01/10/2019
275,CS275,UnusedParameters,pX,findImpliedEquality,FormulaCollectionScript,org.sosy_lab.java_smt.solvers.smtinterpol,java-smt-2.0.0\src\org\sosy_lab\java_smt\solvers\smtinterpol\FormulaCollectionScript.java,FormulaCollectionScript.java,java-smt,java-smt-2.0.0,01/10/2019
276,CS276,UnusedParameters,value,visitConstant,DefaultBooleanFormulaVisitor<R>,org.sosy_lab.java_smt.api.visitors,java-smt-2.0.0\src\org\sosy_lab\java_smt\api\visitors\DefaultBooleanFormulaVisitor.java,DefaultBooleanFormulaVisitor.java,java-smt,java-smt-2.0.0,01/10/2019
277,CS277,UnusedParameters,decl,visitAtom,SolverTacticsTest,org.sosy_lab.java_smt.test,java-smt-2.0.0\src\org\sosy_lab\java_smt\test\SolverTacticsTest.java,SolverTacticsTest.java,java-smt,java-smt-2.0.0,01/10/2019
278,CS278,UnusedParameters,boundVariables,visitQuantifier,DefaultFormulaVisitor<R>,org.sosy_lab.java_smt.api.visitors,java-smt-2.0.0\src\org\sosy_lab\java_smt\api\visitors\DefaultFormulaVisitor.java,DefaultFormulaVisitor.java,java-smt,java-smt-2.0.0,01/10/2019
279,CS279,UnusedParameters,pIndexType,getArrayType,PrincessFormulaCreator,org.sosy_lab.java_smt.solvers.princess,java-smt-2.0.0\src\org\sosy_lab\java_smt\solvers\princess\PrincessFormulaCreator.java,PrincessFormulaCreator.java,java-smt,java-smt-2.0.0,01/10/2019
280,CS280,UnusedParameters,q,visitQuantifier,DefaultFormulaVisitor<R>,org.sosy_lab.java_smt.api.visitors,java-smt-2.0.0\src\org\sosy_lab\java_smt\api\visitors\DefaultFormulaVisitor.java,DefaultFormulaVisitor.java,java-smt,java-smt-2.0.0,01/10/2019
281,CS281,UnusedParameters,body,visitQuantifier,DefaultFormulaVisitor<R>,org.sosy_lab.java_smt.api.visitors,java-smt-2.0.0\src\org\sosy_lab\java_smt\api\visitors\DefaultFormulaVisitor.java,DefaultFormulaVisitor.java,java-smt,java-smt-2.0.0,01/10/2019
282,CS282,UnusedParameters,f,visitConstant,AbstractBooleanFormulaManager<TFormulaInfo,org.sosy_lab.java_smt.basicimpl,java-smt-2.0.0\src\org\sosy_lab\java_smt\basicimpl\AbstractBooleanFormulaManager.java,AbstractBooleanFormulaManager.java,java-smt,java-smt-2.0.0,01/10/2019
283,CS283,UnusedParameters,value,visitConstant,DefaultFormulaVisitor<R>,org.sosy_lab.java_smt.api.visitors,java-smt-2.0.0\src\org\sosy_lab\java_smt\api\visitors\DefaultFormulaVisitor.java,DefaultFormulaVisitor.java,java-smt,java-smt-2.0.0,01/10/2019
284,CS284,UnusedParameters,operand2,visitXor,SolverTacticsTest,org.sosy_lab.java_smt.test,java-smt-2.0.0\src\org\sosy_lab\java_smt\test\SolverTacticsTest.java,SolverTacticsTest.java,java-smt,java-smt-2.0.0,01/10/2019
285,CS285,UnusedParameters,operand1,visitXor,SolverTacticsTest,org.sosy_lab.java_smt.test,java-smt-2.0.0\src\org\sosy_lab\java_smt\test\SolverTacticsTest.java,SolverTacticsTest.java,java-smt,java-smt-2.0.0,01/10/2019
286,CS286,UnusedParameters,args,main,OptimizationFormulaWeights,org.sosy_lab.java_smt.example,java-smt-2.0.0\src\org\sosy_lab\java_smt\example\OptimizationFormulaWeights.java,OptimizationFormulaWeights.java,java-smt,java-smt-2.0.0,01/10/2019
287,CS287,UnusedParameters,functionDeclaration,visitFunction,DefaultFormulaVisitor<R>,org.sosy_lab.java_smt.api.visitors,java-smt-2.0.0\src\org\sosy_lab\java_smt\api\visitors\DefaultFormulaVisitor.java,DefaultFormulaVisitor.java,java-smt,java-smt-2.0.0,01/10/2019
288,CS288,UnusedParameters,f,visitQuantifier,FormulaTransformationVisitor,org.sosy_lab.java_smt.api.visitors,java-smt-2.0.0\src\org\sosy_lab\java_smt\api\visitors\FormulaTransformationVisitor.java,FormulaTransformationVisitor.java,java-smt,java-smt-2.0.0,01/10/2019
289,CS289,UnusedParameters,pAtom,visitAtom,SolverTacticsTest,org.sosy_lab.java_smt.test,java-smt-2.0.0\src\org\sosy_lab\java_smt\test\SolverTacticsTest.java,SolverTacticsTest.java,java-smt,java-smt-2.0.0,01/10/2019
290,CS290,UnusedParameters,pParam2,multiply,AbstractNumeralFormulaManager<,org.sosy_lab.java_smt.basicimpl,java-smt-2.0.0\src\org\sosy_lab\java_smt\basicimpl\AbstractNumeralFormulaManager.java,AbstractNumeralFormulaManager.java,java-smt,java-smt-2.0.0,01/10/2019
291,CS291,UnusedParameters,pParam1,multiply,AbstractNumeralFormulaManager<,org.sosy_lab.java_smt.basicimpl,java-smt-2.0.0\src\org\sosy_lab\java_smt\basicimpl\AbstractNumeralFormulaManager.java,AbstractNumeralFormulaManager.java,java-smt,java-smt-2.0.0,01/10/2019
292,CS292,UnusedParameters,info,getInfo,FormulaCollectionScript,org.sosy_lab.java_smt.solvers.smtinterpol,java-smt-2.0.0\src\org\sosy_lab\java_smt\solvers\smtinterpol\FormulaCollectionScript.java,FormulaCollectionScript.java,java-smt,java-smt-2.0.0,01/10/2019
293,CS293,UnusedParameters,f,visitDefault,ExpectedFormulaVisitor<R>,org.sosy_lab.java_smt.api.visitors,java-smt-2.0.0\src\org\sosy_lab\java_smt\api\visitors\ExpectedFormulaVisitor.java,ExpectedFormulaVisitor.java,java-smt,java-smt-2.0.0,01/10/2019
294,CS294,UnusedParameters,env,makeApp,PrincessFunctionDeclaration,org.sosy_lab.java_smt.solvers.princess,java-smt-2.0.0\src\org\sosy_lab\java_smt\solvers\princess\PrincessFunctionDeclaration.java,PrincessFunctionDeclaration.java,java-smt,java-smt-2.0.0,01/10/2019
295,CS295,UnusedParameters,pOperand1,visitEquivalence,DefaultBooleanFormulaVisitor<R>,org.sosy_lab.java_smt.api.visitors,java-smt-2.0.0\src\org\sosy_lab\java_smt\api\visitors\DefaultBooleanFormulaVisitor.java,DefaultBooleanFormulaVisitor.java,java-smt,java-smt-2.0.0,01/10/2019
296,CS296,UnusedParameters,decl,visitAtom,BooleanFormulaTransformationVisitor,org.sosy_lab.java_smt.api.visitors,java-smt-2.0.0\src\org\sosy_lab\java_smt\api\visitors\BooleanFormulaTransformationVisitor.java,BooleanFormulaTransformationVisitor.java,java-smt,java-smt-2.0.0,01/10/2019
297,CS297,UnusedParameters,pOperand2,visitEquivalence,DefaultBooleanFormulaVisitor<R>,org.sosy_lab.java_smt.api.visitors,java-smt-2.0.0\src\org\sosy_lab\java_smt\api\visitors\DefaultBooleanFormulaVisitor.java,DefaultBooleanFormulaVisitor.java,java-smt,java-smt-2.0.0,01/10/2019
298,CS298,UnusedParameters,pSigned,extract,PrincessBitvectorFormulaManager,org.sosy_lab.java_smt.solvers.princess,java-smt-2.0.0\src\org\sosy_lab\java_smt\solvers\princess\PrincessBitvectorFormulaManager.java,PrincessBitvectorFormulaManager.java,java-smt,java-smt-2.0.0,01/10/2019
299,CS299,UnusedParameters,partitionedFormulas,getTreeInterpolants,Mathsat5InterpolatingProver,org.sosy_lab.java_smt.solvers.mathsat5,java-smt-2.0.0\src\org\sosy_lab\java_smt\solvers\mathsat5\Mathsat5InterpolatingProver.java,Mathsat5InterpolatingProver.java,java-smt,java-smt-2.0.0,01/10/2019
300,CS300,UnusedParameters,important,allSat,Mathsat5InterpolatingProver,org.sosy_lab.java_smt.solvers.mathsat5,java-smt-2.0.0\src\org\sosy_lab\java_smt\solvers\mathsat5\Mathsat5InterpolatingProver.java,Mathsat5InterpolatingProver.java,java-smt,java-smt-2.0.0,01/10/2019
301,CS301,UnusedParameters,args,main,AllSatExample,org.sosy_lab.java_smt.example,java-smt-2.0.0\src\org\sosy_lab\java_smt\example\AllSatExample.java,AllSatExample.java,java-smt,java-smt-2.0.0,01/10/2019
302,CS302,UnusedParameters,opt,getOption,FormulaCollectionScript,org.sosy_lab.java_smt.solvers.smtinterpol,java-smt-2.0.0\src\org\sosy_lab\java_smt\solvers\smtinterpol\FormulaCollectionScript.java,FormulaCollectionScript.java,java-smt,java-smt-2.0.0,01/10/2019
303,CS303,UnusedParameters,assumptions,unsatCoreOverAssumptions,Mathsat5AbstractProver<T2>,org.sosy_lab.java_smt.solvers.mathsat5,java-smt-2.0.0\src\org\sosy_lab\java_smt\solvers\mathsat5\Mathsat5AbstractProver.java,Mathsat5AbstractProver.java,java-smt,java-smt-2.0.0,01/10/2019
304,CS304,UnusedParameters,assumptions,unsatCoreOverAssumptions,PrincessAbstractProver<E,org.sosy_lab.java_smt.solvers.princess,java-smt-2.0.0\src\org\sosy_lab\java_smt\solvers\princess\PrincessAbstractProver.java,PrincessAbstractProver.java,java-smt,java-smt-2.0.0,01/10/2019
305,CS305,UnusedParameters,quantifier,visitQuantifier,SolverTacticsTest,org.sosy_lab.java_smt.test,java-smt-2.0.0\src\org\sosy_lab\java_smt\test\SolverTacticsTest.java,SolverTacticsTest.java,java-smt,java-smt-2.0.0,01/10/2019
306,CS306,UnusedParameters,epsilon,upper,Mathsat5OptimizationProver,org.sosy_lab.java_smt.solvers.mathsat5,java-smt-2.0.0\src\org\sosy_lab\java_smt\solvers\mathsat5\Mathsat5OptimizationProver.java,Mathsat5OptimizationProver.java,java-smt,java-smt-2.0.0,01/10/2019
307,CS307,UnusedParameters,args,main,Interpolation,org.sosy_lab.java_smt.example,java-smt-2.0.0\src\org\sosy_lab\java_smt\example\Interpolation.java,Interpolation.java,java-smt,java-smt-2.0.0,01/10/2019
308,CS308,UnusedParameters,term,simplify,FormulaCollectionScript,org.sosy_lab.java_smt.solvers.smtinterpol,java-smt-2.0.0\src\org\sosy_lab\java_smt\solvers\smtinterpol\FormulaCollectionScript.java,FormulaCollectionScript.java,java-smt,java-smt-2.0.0,01/10/2019
309,CS309,UnusedParameters,name,visitFreeVariable,DefaultFormulaVisitor<R>,org.sosy_lab.java_smt.api.visitors,java-smt-2.0.0\src\org\sosy_lab\java_smt\api\visitors\DefaultFormulaVisitor.java,DefaultFormulaVisitor.java,java-smt,java-smt-2.0.0,01/10/2019
310,CS310,UnusedParameters,pCondition,visitIfThenElse,DefaultBooleanFormulaVisitor<R>,org.sosy_lab.java_smt.api.visitors,java-smt-2.0.0\src\org\sosy_lab\java_smt\api\visitors\DefaultBooleanFormulaVisitor.java,DefaultBooleanFormulaVisitor.java,java-smt,java-smt-2.0.0,01/10/2019
311,CS311,UnusedParameters,quantifiedAST,visitQuantifier,DefaultBooleanFormulaVisitor<R>,org.sosy_lab.java_smt.api.visitors,java-smt-2.0.0\src\org\sosy_lab\java_smt\api\visitors\DefaultBooleanFormulaVisitor.java,DefaultBooleanFormulaVisitor.java,java-smt,java-smt-2.0.0,01/10/2019
312,CS312,UnusedParameters,pBitwidth,getBitvectorType,SmtInterpolFormulaCreator,org.sosy_lab.java_smt.solvers.smtinterpol,java-smt-2.0.0\src\org\sosy_lab\java_smt\solvers\smtinterpol\SmtInterpolFormulaCreator.java,SmtInterpolFormulaCreator.java,java-smt,java-smt-2.0.0,01/10/2019
313,CS313,UnusedParameters,name,visitFreeVariable,FormulaTransformationVisitor,org.sosy_lab.java_smt.api.visitors,java-smt-2.0.0\src\org\sosy_lab\java_smt\api\visitors\FormulaTransformationVisitor.java,FormulaTransformationVisitor.java,java-smt,java-smt-2.0.0,01/10/2019
314,CS314,UnusedParameters,levels,push,FormulaCollectionScript,org.sosy_lab.java_smt.solvers.smtinterpol,java-smt-2.0.0\src\org\sosy_lab\java_smt\solvers\smtinterpol\FormulaCollectionScript.java,FormulaCollectionScript.java,java-smt,java-smt-2.0.0,01/10/2019
315,CS315,UnusedParameters,epsilon,lower,Mathsat5OptimizationProver,org.sosy_lab.java_smt.solvers.mathsat5,java-smt-2.0.0\src\org\sosy_lab\java_smt\solvers\mathsat5\Mathsat5OptimizationProver.java,Mathsat5OptimizationProver.java,java-smt,java-smt-2.0.0,01/10/2019
316,CS316,UnusedParameters,pPredicates,checkAllsat,FormulaCollectionScript,org.sosy_lab.java_smt.solvers.smtinterpol,java-smt-2.0.0\src\org\sosy_lab\java_smt\solvers\smtinterpol\FormulaCollectionScript.java,FormulaCollectionScript.java,java-smt,java-smt-2.0.0,01/10/2019
317,CS317,UnusedParameters,deBruijnIdx,visitBoundVar,DefaultBooleanFormulaVisitor<R>,org.sosy_lab.java_smt.api.visitors,java-smt-2.0.0\src\org\sosy_lab\java_smt\api\visitors\DefaultBooleanFormulaVisitor.java,DefaultBooleanFormulaVisitor.java,java-smt,java-smt-2.0.0,01/10/2019
318,CS318,UnusedParameters,pF,applyCNFImpl,AbstractFormulaManager<TFormulaInfo,org.sosy_lab.java_smt.basicimpl,java-smt-2.0.0\src\org\sosy_lab\java_smt\basicimpl\AbstractFormulaManager.java,AbstractFormulaManager.java,java-smt,java-smt-2.0.0,01/10/2019
319,CS319,UnusedParameters,pAssumptions,isUnsatWithAssumptions,PrincessAbstractProver<E,org.sosy_lab.java_smt.solvers.princess,java-smt-2.0.0\src\org\sosy_lab\java_smt\solvers\princess\PrincessAbstractProver.java,PrincessAbstractProver.java,java-smt,java-smt-2.0.0,01/10/2019
320,CS320,UnusedParameters,operand1,visitXor,DefaultBooleanFormulaVisitor<R>,org.sosy_lab.java_smt.api.visitors,java-smt-2.0.0\src\org\sosy_lab\java_smt\api\visitors\DefaultBooleanFormulaVisitor.java,DefaultBooleanFormulaVisitor.java,java-smt,java-smt-2.0.0,01/10/2019
321,CS321,UnusedParameters,operand2,visitXor,DefaultBooleanFormulaVisitor<R>,org.sosy_lab.java_smt.api.visitors,java-smt-2.0.0\src\org\sosy_lab\java_smt\api\visitors\DefaultBooleanFormulaVisitor.java,DefaultBooleanFormulaVisitor.java,java-smt,java-smt-2.0.0,01/10/2019
322,CS322,UnusedParameters,pAtom,visitAtom,DefaultBooleanFormulaVisitor<R>,org.sosy_lab.java_smt.api.visitors,java-smt-2.0.0\src\org\sosy_lab\java_smt\api\visitors\DefaultBooleanFormulaVisitor.java,DefaultBooleanFormulaVisitor.java,java-smt,java-smt-2.0.0,01/10/2019
323,CS323,UnusedParameters,boundVars,visitQuantifier,SolverTacticsTest,org.sosy_lab.java_smt.test,java-smt-2.0.0\src\org\sosy_lab\java_smt\test\SolverTacticsTest.java,SolverTacticsTest.java,java-smt,java-smt-2.0.0,01/10/2019
324,CS324,UnusedParameters,type,getFloatingPointType,PrincessFormulaCreator,org.sosy_lab.java_smt.solvers.princess,java-smt-2.0.0\src\org\sosy_lab\java_smt\solvers\princess\PrincessFormulaCreator.java,PrincessFormulaCreator.java,java-smt,java-smt-2.0.0,01/10/2019
325,CS325,UnusedParameters,partition,getInterpolants,FormulaCollectionScript,org.sosy_lab.java_smt.solvers.smtinterpol,java-smt-2.0.0\src\org\sosy_lab\java_smt\solvers\smtinterpol\FormulaCollectionScript.java,FormulaCollectionScript.java,java-smt,java-smt-2.0.0,01/10/2019
326,CS326,UnusedParameters,pPushResult,registerPushedFormula,BasicProverWithAssumptionsWrapper<T,org.sosy_lab.java_smt.basicimpl.withAssumptionsWrapper,java-smt-2.0.0\src\org\sosy_lab\java_smt\basicimpl\withAssumptionsWrapper\BasicProverWithAssumptionsWrapper.java,BasicProverWithAssumptionsWrapper.java,java-smt,java-smt-2.0.0,01/10/2019
327,CS327,UnusedParameters,f,visitBoundVar,SolverTacticsTest,org.sosy_lab.java_smt.test,java-smt-2.0.0\src\org\sosy_lab\java_smt\test\SolverTacticsTest.java,SolverTacticsTest.java,java-smt,java-smt-2.0.0,01/10/2019
328,CS328,UnusedParameters,decl,visitAtom,NNFVisitor,org.sosy_lab.java_smt.basicimpl.tactics,java-smt-2.0.0\src\org\sosy_lab\java_smt\basicimpl\tactics\NNFVisitor.java,NNFVisitor.java,java-smt,java-smt-2.0.0,01/10/2019
329,CS329,UnusedParameters,pArg0,changeDestination,LogProxyForwarder,org.sosy_lab.java_smt.solvers.smtinterpol,java-smt-2.0.0\src\org\sosy_lab\java_smt\solvers\smtinterpol\LogProxyForwarder.java,LogProxyForwarder.java,java-smt,java-smt-2.0.0,01/10/2019
330,CS330,UnusedParameters,deBruijnIdx,visitBoundVar,SolverTacticsTest,org.sosy_lab.java_smt.test,java-smt-2.0.0\src\org\sosy_lab\java_smt\test\SolverTacticsTest.java,SolverTacticsTest.java,java-smt,java-smt-2.0.0,01/10/2019
331,CS331,UnusedParameters,deBruijnIdx,visitBoundVariable,DefaultFormulaVisitor<R>,org.sosy_lab.java_smt.api.visitors,java-smt-2.0.0\src\org\sosy_lab\java_smt\api\visitors\DefaultFormulaVisitor.java,DefaultFormulaVisitor.java,java-smt,java-smt-2.0.0,01/10/2019
332,CS332,UnusedParameters,pElementType,getArrayType,PrincessFormulaCreator,org.sosy_lab.java_smt.solvers.princess,java-smt-2.0.0\src\org\sosy_lab\java_smt\solvers\princess\PrincessFormulaCreator.java,PrincessFormulaCreator.java,java-smt,java-smt-2.0.0,01/10/2019
333,CS333,UnusedParameters,terms,getValue,FormulaCollectionScript,org.sosy_lab.java_smt.solvers.smtinterpol,java-smt-2.0.0\src\org\sosy_lab\java_smt\solvers\smtinterpol\FormulaCollectionScript.java,FormulaCollectionScript.java,java-smt,java-smt-2.0.0,01/10/2019
334,CS334,UnusedParameters,value,setOption,FormulaCollectionScript,org.sosy_lab.java_smt.solvers.smtinterpol,java-smt-2.0.0\src\org\sosy_lab\java_smt\solvers\smtinterpol\FormulaCollectionScript.java,FormulaCollectionScript.java,java-smt,java-smt-2.0.0,01/10/2019
335,CS335,UnusedParameters,value,visitConstant,FormulaTransformationVisitor,org.sosy_lab.java_smt.api.visitors,java-smt-2.0.0\src\org\sosy_lab\java_smt\api\visitors\FormulaTransformationVisitor.java,FormulaTransformationVisitor.java,java-smt,java-smt-2.0.0,01/10/2019
336,CS336,UnusedParameters,args,main,OptimizationIntReal,org.sosy_lab.java_smt.example,java-smt-2.0.0\src\org\sosy_lab\java_smt\example\OptimizationIntReal.java,OptimizationIntReal.java,java-smt,java-smt-2.0.0,01/10/2019
337,CS337,UnusedParameters,pSigned,extract,Mathsat5BitvectorFormulaManager,org.sosy_lab.java_smt.solvers.mathsat5,java-smt-2.0.0\src\org\sosy_lab\java_smt\solvers\mathsat5\Mathsat5BitvectorFormulaManager.java,Mathsat5BitvectorFormulaManager.java,java-smt,java-smt-2.0.0,01/10/2019
338,CS338,UnusedParameters,pOperands,visitOr,DefaultBooleanFormulaVisitor<R>,org.sosy_lab.java_smt.api.visitors,java-smt-2.0.0\src\org\sosy_lab\java_smt\api\visitors\DefaultBooleanFormulaVisitor.java,DefaultBooleanFormulaVisitor.java,java-smt,java-smt-2.0.0,01/10/2019
339,CS339,UnusedParameters,pAssumptions,isUnsatWithAssumptions,SmtInterpolAbstractProver<T,org.sosy_lab.java_smt.solvers.smtinterpol,java-smt-2.0.0\src\org\sosy_lab\java_smt\solvers\smtinterpol\SmtInterpolAbstractProver.java,SmtInterpolAbstractProver.java,java-smt,java-smt-2.0.0,01/10/2019
340,CS340,UnusedParameters,deBruijnIdx,visitBoundVar,BooleanFormulaTransformationVisitor,org.sosy_lab.java_smt.api.visitors,java-smt-2.0.0\src\org\sosy_lab\java_smt\api\visitors\BooleanFormulaTransformationVisitor.java,BooleanFormulaTransformationVisitor.java,java-smt,java-smt-2.0.0,01/10/2019
341,CS341,UnusedParameters,logic,setLogic,FormulaCollectionScript,org.sosy_lab.java_smt.solvers.smtinterpol,java-smt-2.0.0\src\org\sosy_lab\java_smt\solvers\smtinterpol\FormulaCollectionScript.java,FormulaCollectionScript.java,java-smt,java-smt-2.0.0,01/10/2019
342,CS342,UnusedParameters,opt,setOption,FormulaCollectionScript,org.sosy_lab.java_smt.solvers.smtinterpol,java-smt-2.0.0\src\org\sosy_lab\java_smt\solvers\smtinterpol\FormulaCollectionScript.java,FormulaCollectionScript.java,java-smt,java-smt-2.0.0,01/10/2019
343,CS343,UnusedParameters,args,visitFunction,DefaultFormulaVisitor<R>,org.sosy_lab.java_smt.api.visitors,java-smt-2.0.0\src\org\sosy_lab\java_smt\api\visitors\DefaultFormulaVisitor.java,DefaultFormulaVisitor.java,java-smt,java-smt-2.0.0,01/10/2019
344,CS344,UnusedParameters,pMsg,echo,FormulaCollectionScript,org.sosy_lab.java_smt.solvers.smtinterpol,java-smt-2.0.0\src\org\sosy_lab\java_smt\solvers\smtinterpol\FormulaCollectionScript.java,FormulaCollectionScript.java,java-smt,java-smt-2.0.0,01/10/2019
345,CS345,UnusedParameters,pParam1,modulo,AbstractNumeralFormulaManager<,org.sosy_lab.java_smt.basicimpl,java-smt-2.0.0\src\org\sosy_lab\java_smt\basicimpl\AbstractNumeralFormulaManager.java,AbstractNumeralFormulaManager.java,java-smt,java-smt-2.0.0,01/10/2019
346,CS346,UnusedParameters,pParam2,divide,AbstractNumeralFormulaManager<,org.sosy_lab.java_smt.basicimpl,java-smt-2.0.0\src\org\sosy_lab\java_smt\basicimpl\AbstractNumeralFormulaManager.java,AbstractNumeralFormulaManager.java,java-smt,java-smt-2.0.0,01/10/2019
347,CS347,UnusedParameters,pParam2,modulo,AbstractNumeralFormulaManager<,org.sosy_lab.java_smt.basicimpl,java-smt-2.0.0\src\org\sosy_lab\java_smt\basicimpl\AbstractNumeralFormulaManager.java,AbstractNumeralFormulaManager.java,java-smt,java-smt-2.0.0,01/10/2019
348,CS348,UnusedParameters,pParam1,divide,AbstractNumeralFormulaManager<,org.sosy_lab.java_smt.basicimpl,java-smt-2.0.0\src\org\sosy_lab\java_smt\basicimpl\AbstractNumeralFormulaManager.java,AbstractNumeralFormulaManager.java,java-smt,java-smt-2.0.0,01/10/2019
349,CS349,UnusedParameters,options,newOptimizationProverEnvironment0,PrincessSolverContext,org.sosy_lab.java_smt.solvers.princess,java-smt-2.0.0\src\org\sosy_lab\java_smt\solvers\princess\PrincessSolverContext.java,PrincessSolverContext.java,java-smt,java-smt-2.0.0,01/10/2019
350,CS350,UnusedParameters,pOperand2,visitImplication,DefaultBooleanFormulaVisitor<R>,org.sosy_lab.java_smt.api.visitors,java-smt-2.0.0\src\org\sosy_lab\java_smt\api\visitors\DefaultBooleanFormulaVisitor.java,DefaultBooleanFormulaVisitor.java,java-smt,java-smt-2.0.0,01/10/2019
351,CS351,UnusedParameters,pOperand1,visitImplication,DefaultBooleanFormulaVisitor<R>,org.sosy_lab.java_smt.api.visitors,java-smt-2.0.0\src\org\sosy_lab\java_smt\api\visitors\DefaultBooleanFormulaVisitor.java,DefaultBooleanFormulaVisitor.java,java-smt,java-smt-2.0.0,01/10/2019
352,CS352,UnusedParameters,options,newOptimizationProverEnvironment0,SmtInterpolSolverContext,org.sosy_lab.java_smt.solvers.smtinterpol,java-smt-2.0.0\src\org\sosy_lab\java_smt\solvers\smtinterpol\SmtInterpolSolverContext.java,SmtInterpolSolverContext.java,java-smt,java-smt-2.0.0,01/10/2019
353,CS353,UnusedParameters,pAdditionalF,convertValue,FormulaCreator<TFormulaInfo,org.sosy_lab.java_smt.api.visitors,java-smt-2.0.0\src\org\sosy_lab\java_smt\api\visitors\FormulaTransformationVisitor.java,FormulaTransformationVisitor.java,java-smt,java-smt-2.0.0,01/10/2019
354,CS354,UnusedParameters,f,visitFunction,FormulaTransformationVisitor,org.sosy_lab.java_smt.api.visitors,java-smt-2.0.0\src\org\sosy_lab\java_smt\api\visitors\FormulaTransformationVisitor.java,FormulaTransformationVisitor.java,java-smt,java-smt-2.0.0,01/10/2019
355,CS355,UnusedParameters,var,visitBoundVar,SolverTacticsTest,org.sosy_lab.java_smt.test,java-smt-2.0.0\src\org\sosy_lab\java_smt\test\SolverTacticsTest.java,SolverTacticsTest.java,java-smt,java-smt-2.0.0,01/10/2019
356,CS356,UnusedParameters,callback,allSat,Mathsat5InterpolatingProver,org.sosy_lab.java_smt.solvers.mathsat5,java-smt-2.0.0\src\org\sosy_lab\java_smt\solvers\mathsat5\Mathsat5InterpolatingProver.java,Mathsat5InterpolatingProver.java,java-smt,java-smt-2.0.0,01/10/2019
357,CS357,UnusedParameters,pArg0,setLoglevel,LogProxyForwarder,org.sosy_lab.java_smt.solvers.smtinterpol,java-smt-2.0.0\src\org\sosy_lab\java_smt\solvers\smtinterpol\LogProxyForwarder.java,LogProxyForwarder.java,java-smt,java-smt-2.0.0,01/10/2019
358,CS358,UnusedParameters,deBruijnIdx,visitBoundVariable,FormulaTransformationVisitor,org.sosy_lab.java_smt.api.visitors,java-smt-2.0.0\src\org\sosy_lab\java_smt\api\visitors\FormulaTransformationVisitor.java,FormulaTransformationVisitor.java,java-smt,java-smt-2.0.0,01/10/2019
359,CS359,UnusedParameters,pOperands,visitAnd,DefaultBooleanFormulaVisitor<R>,org.sosy_lab.java_smt.api.visitors,java-smt-2.0.0\src\org\sosy_lab\java_smt\api\visitors\DefaultBooleanFormulaVisitor.java,DefaultBooleanFormulaVisitor.java,java-smt,java-smt-2.0.0,01/10/2019
360,CS360,UnusedParameters,pSigned,extract,Z3BitvectorFormulaManager,org.sosy_lab.java_smt.solvers.z3,java-smt-2.0.0\src\org\sosy_lab\java_smt\solvers\z3\Z3BitvectorFormulaManager.java,Z3BitvectorFormulaManager.java,java-smt,java-smt-2.0.0,01/10/2019
361,CS361,UnusedParameters,pElseFormula,visitIfThenElse,DefaultBooleanFormulaVisitor<R>,org.sosy_lab.java_smt.api.visitors,java-smt-2.0.0\src\org\sosy_lab\java_smt\api\visitors\DefaultBooleanFormulaVisitor.java,DefaultBooleanFormulaVisitor.java,java-smt,java-smt-2.0.0,01/10/2019
362,CS362,UnusedParameters,body,visitQuantifier,DefaultBooleanFormulaVisitor<R>,org.sosy_lab.java_smt.api.visitors,java-smt-2.0.0\src\org\sosy_lab\java_smt\api\visitors\DefaultBooleanFormulaVisitor.java,DefaultBooleanFormulaVisitor.java,java-smt,java-smt-2.0.0,01/10/2019
363,CS363,UnusedParameters,pConfig,createConfig,Mathsat5TheoremProver,org.sosy_lab.java_smt.solvers.mathsat5,java-smt-2.0.0\src\org\sosy_lab\java_smt\solvers\mathsat5\Mathsat5TheoremProver.java,Mathsat5TheoremProver.java,java-smt,java-smt-2.0.0,01/10/2019
364,CS364,UnusedParameters,args,main,HoudiniApp,org.sosy_lab.java_smt.example,java-smt-2.0.0\src\org\sosy_lab\java_smt\example\HoudiniApp.java,HoudiniApp.java,java-smt,java-smt-2.0.0,01/10/2019
365,CS365,UnusedParameters,quantifierAST,visitQuantifier,SolverTacticsTest,org.sosy_lab.java_smt.test,java-smt-2.0.0\src\org\sosy_lab\java_smt\test\SolverTacticsTest.java,SolverTacticsTest.java,java-smt,java-smt-2.0.0,01/10/2019
366,CS366,UnusedParameters,type,getFloatingPointType,SmtInterpolFormulaCreator,org.sosy_lab.java_smt.solvers.smtinterpol,java-smt-2.0.0\src\org\sosy_lab\java_smt\solvers\smtinterpol\SmtInterpolFormulaCreator.java,SmtInterpolFormulaCreator.java,java-smt,java-smt-2.0.0,01/10/2019
367,CS367,UnusedParameters,var,visitBoundVar,DefaultBooleanFormulaVisitor<R>,org.sosy_lab.java_smt.api.visitors,java-smt-2.0.0\src\org\sosy_lab\java_smt\api\visitors\DefaultBooleanFormulaVisitor.java,DefaultBooleanFormulaVisitor.java,java-smt,java-smt-2.0.0,01/10/2019
368,CS368,UnusedParameters,pOperand,visitNot,DefaultBooleanFormulaVisitor<R>,org.sosy_lab.java_smt.api.visitors,java-smt-2.0.0\src\org\sosy_lab\java_smt\api\visitors\DefaultBooleanFormulaVisitor.java,DefaultBooleanFormulaVisitor.java,java-smt,java-smt-2.0.0,01/10/2019
369,CS369,NotSecuringLibraries,z3java,create,Z3SolverContext,org.sosy_lab.java_smt.solvers.z3,java-smt-2.0.0\src\org\sosy_lab\java_smt\solvers\z3\Z3SolverContext.java,Z3SolverContext.java,java-smt,java-smt-2.0.0,01/10/2019
370,CS370,NotSecuringLibraries,z3,create,Z3SolverContext,org.sosy_lab.java_smt.solvers.z3,java-smt-2.0.0\src\org\sosy_lab\java_smt\solvers\z3\Z3SolverContext.java,Z3SolverContext.java,java-smt,java-smt-2.0.0,01/10/2019
371,CS371,NotSecuringLibraries,libz3java,create,Z3SolverContext,org.sosy_lab.java_smt.solvers.z3,java-smt-2.0.0\src\org\sosy_lab\java_smt\solvers\z3\Z3SolverContext.java,Z3SolverContext.java,java-smt,java-smt-2.0.0,01/10/2019
372,CS372,NotSecuringLibraries,libz3,create,Z3SolverContext,org.sosy_lab.java_smt.solvers.z3,java-smt-2.0.0\src\org\sosy_lab\java_smt\solvers\z3\Z3SolverContext.java,Z3SolverContext.java,java-smt,java-smt-2.0.0,01/10/2019
373,AP373,TooMuchClustering,,,Mathsat5NativeApi,org.sosy_lab.java_smt.solvers.mathsat5,java-smt-2.0.0\src\org\sosy_lab\java_smt\solvers\mathsat5\Mathsat5NativeApi.java,Mathsat5NativeApi.java,java-smt,java-smt-2.0.0,01/10/2019
