ID_Table,ID,Name,Variable,Method,Class,Package,File,File Name,System,Version,Release
,CS1,UnusedDeclaration,,msat_type_equals,Mathsat5NativeApi,org.sosy_lab.solver.mathsat5,java-smt-0.60\src\org\sosy_lab\solver\mathsat5\Mathsat5NativeApi.java,Mathsat5NativeApi.java,java-smt,java-smt-0.60,06/11/2016
,CS2,UnusedDeclaration,,msat_set_option,Mathsat5NativeApi,org.sosy_lab.solver.mathsat5,java-smt-0.60\src\org\sosy_lab\solver\mathsat5\Mathsat5NativeApi.java,Mathsat5NativeApi.java,java-smt,java-smt-0.60,06/11/2016
,CS3,UnusedDeclaration,,msat_term_id,Mathsat5NativeApi,org.sosy_lab.solver.mathsat5,java-smt-0.60\src\org\sosy_lab\solver\mathsat5\Mathsat5NativeApi.java,Mathsat5NativeApi.java,java-smt,java-smt-0.60,06/11/2016
,CS4,UnusedDeclaration,,msat_term_get_decl,Mathsat5NativeApi,org.sosy_lab.solver.mathsat5,java-smt-0.60\src\org\sosy_lab\solver\mathsat5\Mathsat5NativeApi.java,Mathsat5NativeApi.java,java-smt,java-smt-0.60,06/11/2016
,CS5,UnusedDeclaration,,msat_model_iterator_next,Mathsat5NativeApi,org.sosy_lab.solver.mathsat5,java-smt-0.60\src\org\sosy_lab\solver\mathsat5\Mathsat5NativeApi.java,Mathsat5NativeApi.java,java-smt,java-smt-0.60,06/11/2016
,CS6,UnusedDeclaration,,msat_make_term_ite,Mathsat5NativeApi,org.sosy_lab.solver.mathsat5,java-smt-0.60\src\org\sosy_lab\solver\mathsat5\Mathsat5NativeApi.java,Mathsat5NativeApi.java,java-smt,java-smt-0.60,06/11/2016
,CS7,UnusedDeclaration,,msat_objective_iterator_has_next,Mathsat5NativeApi,org.sosy_lab.solver.mathsat5,java-smt-0.60\src\org\sosy_lab\solver\mathsat5\Mathsat5NativeApi.java,Mathsat5NativeApi.java,java-smt,java-smt-0.60,06/11/2016
,CS8,UnusedDeclaration,,msat_term_is_bv_ashr,Mathsat5NativeApi,org.sosy_lab.solver.mathsat5,java-smt-0.60\src\org\sosy_lab\solver\mathsat5\Mathsat5NativeApi.java,Mathsat5NativeApi.java,java-smt,java-smt-0.60,06/11/2016
,CS9,UnusedDeclaration,,msat_make_bv_or,Mathsat5NativeApi,org.sosy_lab.solver.mathsat5,java-smt-0.60\src\org\sosy_lab\solver\mathsat5\Mathsat5NativeApi.java,Mathsat5NativeApi.java,java-smt,java-smt-0.60,06/11/2016
,CS10,UnusedDeclaration,,msat_push_backtrack_point,Mathsat5NativeApi,org.sosy_lab.solver.mathsat5,java-smt-0.60\src\org\sosy_lab\solver\mathsat5\Mathsat5NativeApi.java,Mathsat5NativeApi.java,java-smt,java-smt-0.60,06/11/2016
,CS11,UnusedDeclaration,,msat_make_bv_concat,Mathsat5NativeApi,org.sosy_lab.solver.mathsat5,java-smt-0.60\src\org\sosy_lab\solver\mathsat5\Mathsat5NativeApi.java,Mathsat5NativeApi.java,java-smt,java-smt-0.60,06/11/2016
,CS12,UnusedDeclaration,,msat_term_arity,Mathsat5NativeApi,org.sosy_lab.solver.mathsat5,java-smt-0.60\src\org\sosy_lab\solver\mathsat5\Mathsat5NativeApi.java,Mathsat5NativeApi.java,java-smt,java-smt-0.60,06/11/2016
,CS13,UnusedDeclaration,,msat_term_is_not,Mathsat5NativeApi,org.sosy_lab.solver.mathsat5,java-smt-0.60\src\org\sosy_lab\solver\mathsat5\Mathsat5NativeApi.java,Mathsat5NativeApi.java,java-smt,java-smt-0.60,06/11/2016
,CS14,UnusedDeclaration,,msat_term_is_bv_plus,Mathsat5NativeApi,org.sosy_lab.solver.mathsat5,java-smt-0.60\src\org\sosy_lab\solver\mathsat5\Mathsat5NativeApi.java,Mathsat5NativeApi.java,java-smt,java-smt-0.60,06/11/2016
,CS15,UnusedDeclaration,,msat_is_bv_type,Mathsat5NativeApi,org.sosy_lab.solver.mathsat5,java-smt-0.60\src\org\sosy_lab\solver\mathsat5\Mathsat5NativeApi.java,Mathsat5NativeApi.java,java-smt,java-smt-0.60,06/11/2016
,CS16,UnusedDeclaration,,msat_solve_with_assumptions,Mathsat5NativeApi,org.sosy_lab.solver.mathsat5,java-smt-0.60\src\org\sosy_lab\solver\mathsat5\Mathsat5NativeApi.java,Mathsat5NativeApi.java,java-smt,java-smt-0.60,06/11/2016
,CS17,UnusedDeclaration,,msat_make_or,Mathsat5NativeApi,org.sosy_lab.solver.mathsat5,java-smt-0.60\src\org\sosy_lab\solver\mathsat5\Mathsat5NativeApi.java,Mathsat5NativeApi.java,java-smt,java-smt-0.60,06/11/2016
,CS18,UnusedDeclaration,,msat_make_bv_sleq,Mathsat5NativeApi,org.sosy_lab.solver.mathsat5,java-smt-0.60\src\org\sosy_lab\solver\mathsat5\Mathsat5NativeApi.java,Mathsat5NativeApi.java,java-smt,java-smt-0.60,06/11/2016
,CS19,UnusedDeclaration,,msat_make_fp_roundingmode_zero,Mathsat5NativeApi,org.sosy_lab.solver.mathsat5,java-smt-0.60\src\org\sosy_lab\solver\mathsat5\Mathsat5NativeApi.java,Mathsat5NativeApi.java,java-smt,java-smt-0.60,06/11/2016
,CS20,UnusedDeclaration,,msat_term_is_bv_minus,Mathsat5NativeApi,org.sosy_lab.solver.mathsat5,java-smt-0.60\src\org\sosy_lab\solver\mathsat5\Mathsat5NativeApi.java,Mathsat5NativeApi.java,java-smt,java-smt-0.60,06/11/2016
,CS21,UnusedDeclaration,,msat_term_is_plus,Mathsat5NativeApi,org.sosy_lab.solver.mathsat5,java-smt-0.60\src\org\sosy_lab\solver\mathsat5\Mathsat5NativeApi.java,Mathsat5NativeApi.java,java-smt,java-smt-0.60,06/11/2016
,CS22,UnusedDeclaration,,msat_decl_repr,Mathsat5NativeApi,org.sosy_lab.solver.mathsat5,java-smt-0.60\src\org\sosy_lab\solver\mathsat5\Mathsat5NativeApi.java,Mathsat5NativeApi.java,java-smt,java-smt-0.60,06/11/2016
,CS23,UnusedDeclaration,,msat_make_bv_slt,Mathsat5NativeApi,org.sosy_lab.solver.mathsat5,java-smt-0.60\src\org\sosy_lab\solver\mathsat5\Mathsat5NativeApi.java,Mathsat5NativeApi.java,java-smt,java-smt-0.60,06/11/2016
,CS24,UnusedDeclaration,,msat_make_fp_isnormal,Mathsat5NativeApi,org.sosy_lab.solver.mathsat5,java-smt-0.60\src\org\sosy_lab\solver\mathsat5\Mathsat5NativeApi.java,Mathsat5NativeApi.java,java-smt,java-smt-0.60,06/11/2016
,CS25,UnusedDeclaration,,msat_make_int_to_bv,Mathsat5NativeApi,org.sosy_lab.solver.mathsat5,java-smt-0.60\src\org\sosy_lab\solver\mathsat5\Mathsat5NativeApi.java,Mathsat5NativeApi.java,java-smt,java-smt-0.60,06/11/2016
,CS26,UnusedDeclaration,,msat_make_bv_comp,Mathsat5NativeApi,org.sosy_lab.solver.mathsat5,java-smt-0.60\src\org\sosy_lab\solver\mathsat5\Mathsat5NativeApi.java,Mathsat5NativeApi.java,java-smt,java-smt-0.60,06/11/2016
,CS27,UnusedDeclaration,,msat_objective_value_is_minus_inf,Mathsat5NativeApi,org.sosy_lab.solver.mathsat5,java-smt-0.60\src\org\sosy_lab\solver\mathsat5\Mathsat5NativeApi.java,Mathsat5NativeApi.java,java-smt,java-smt-0.60,06/11/2016
,CS28,UnusedDeclaration,,msat_make_fp_lt,Mathsat5NativeApi,org.sosy_lab.solver.mathsat5,java-smt-0.60\src\org\sosy_lab\solver\mathsat5\Mathsat5NativeApi.java,Mathsat5NativeApi.java,java-smt,java-smt-0.60,06/11/2016
,CS29,UnusedDeclaration,,msat_term_is_bv_srem,Mathsat5NativeApi,org.sosy_lab.solver.mathsat5,java-smt-0.60\src\org\sosy_lab\solver\mathsat5\Mathsat5NativeApi.java,Mathsat5NativeApi.java,java-smt,java-smt-0.60,06/11/2016
,CS30,UnusedDeclaration,,msat_make_bv_rol,Mathsat5NativeApi,org.sosy_lab.solver.mathsat5,java-smt-0.60\src\org\sosy_lab\solver\mathsat5\Mathsat5NativeApi.java,Mathsat5NativeApi.java,java-smt,java-smt-0.60,06/11/2016
,CS31,UnusedDeclaration,,msat_make_fp_neg,Mathsat5NativeApi,org.sosy_lab.solver.mathsat5,java-smt-0.60\src\org\sosy_lab\solver\mathsat5\Mathsat5NativeApi.java,Mathsat5NativeApi.java,java-smt,java-smt-0.60,06/11/2016
,CS32,UnusedDeclaration,,msat_make_bv_extract,Mathsat5NativeApi,org.sosy_lab.solver.mathsat5,java-smt-0.60\src\org\sosy_lab\solver\mathsat5\Mathsat5NativeApi.java,Mathsat5NativeApi.java,java-smt,java-smt-0.60,06/11/2016
,CS33,UnusedDeclaration,,msat_make_bv_plus,Mathsat5NativeApi,org.sosy_lab.solver.mathsat5,java-smt-0.60\src\org\sosy_lab\solver\mathsat5\Mathsat5NativeApi.java,Mathsat5NativeApi.java,java-smt,java-smt-0.60,06/11/2016
,CS34,UnusedDeclaration,,msat_make_constant,Mathsat5NativeApi,org.sosy_lab.solver.mathsat5,java-smt-0.60\src\org\sosy_lab\solver\mathsat5\Mathsat5NativeApi.java,Mathsat5NativeApi.java,java-smt,java-smt-0.60,06/11/2016
,CS35,UnusedDeclaration,,msat_make_fp_plus,Mathsat5NativeApi,org.sosy_lab.solver.mathsat5,java-smt-0.60\src\org\sosy_lab\solver\mathsat5\Mathsat5NativeApi.java,Mathsat5NativeApi.java,java-smt,java-smt-0.60,06/11/2016
,CS36,UnusedDeclaration,,msat_term_is_bv_not,Mathsat5NativeApi,org.sosy_lab.solver.mathsat5,java-smt-0.60\src\org\sosy_lab\solver\mathsat5\Mathsat5NativeApi.java,Mathsat5NativeApi.java,java-smt,java-smt-0.60,06/11/2016
,CS37,UnusedDeclaration,,msat_make_int_modular_congruence,Mathsat5NativeApi,org.sosy_lab.solver.mathsat5,java-smt-0.60\src\org\sosy_lab\solver\mathsat5\Mathsat5NativeApi.java,Mathsat5NativeApi.java,java-smt,java-smt-0.60,06/11/2016
,CS38,UnusedDeclaration,,msat_make_bv_lshr,Mathsat5NativeApi,org.sosy_lab.solver.mathsat5,java-smt-0.60\src\org\sosy_lab\solver\mathsat5\Mathsat5NativeApi.java,Mathsat5NativeApi.java,java-smt,java-smt-0.60,06/11/2016
,CS39,UnusedDeclaration,,msat_get_fp_type_mant_width,Mathsat5NativeApi,org.sosy_lab.solver.mathsat5,java-smt-0.60\src\org\sosy_lab\solver\mathsat5\Mathsat5NativeApi.java,Mathsat5NativeApi.java,java-smt,java-smt-0.60,06/11/2016
,CS40,UnusedDeclaration,,msat_decl_get_return_type,Mathsat5NativeApi,org.sosy_lab.solver.mathsat5,java-smt-0.60\src\org\sosy_lab\solver\mathsat5\Mathsat5NativeApi.java,Mathsat5NativeApi.java,java-smt,java-smt-0.60,06/11/2016
,CS41,UnusedDeclaration,,msat_create_objective_iterator,Mathsat5NativeApi,org.sosy_lab.solver.mathsat5,java-smt-0.60\src\org\sosy_lab\solver\mathsat5\Mathsat5NativeApi.java,Mathsat5NativeApi.java,java-smt,java-smt-0.60,06/11/2016
,CS42,UnusedDeclaration,,msat_term_is_times,Mathsat5NativeApi,org.sosy_lab.solver.mathsat5,java-smt-0.60\src\org\sosy_lab\solver\mathsat5\Mathsat5NativeApi.java,Mathsat5NativeApi.java,java-smt,java-smt-0.60,06/11/2016
,CS43,UnusedDeclaration,,msat_make_bv_srem,Mathsat5NativeApi,org.sosy_lab.solver.mathsat5,java-smt-0.60\src\org\sosy_lab\solver\mathsat5\Mathsat5NativeApi.java,Mathsat5NativeApi.java,java-smt,java-smt-0.60,06/11/2016
,CS44,UnusedDeclaration,,msat_make_fp_minus,Mathsat5NativeApi,org.sosy_lab.solver.mathsat5,java-smt-0.60\src\org\sosy_lab\solver\mathsat5\Mathsat5NativeApi.java,Mathsat5NativeApi.java,java-smt,java-smt-0.60,06/11/2016
,CS45,UnusedDeclaration,,msat_push_maxmin,Mathsat5NativeApi,org.sosy_lab.solver.mathsat5,java-smt-0.60\src\org\sosy_lab\solver\mathsat5\Mathsat5NativeApi.java,Mathsat5NativeApi.java,java-smt,java-smt-0.60,06/11/2016
,CS46,UnusedDeclaration,,msat_type_repr,Mathsat5NativeApi,org.sosy_lab.solver.mathsat5,java-smt-0.60\src\org\sosy_lab\solver\mathsat5\Mathsat5NativeApi.java,Mathsat5NativeApi.java,java-smt,java-smt-0.60,06/11/2016
,CS47,UnusedDeclaration,,msat_make_leq,Mathsat5NativeApi,org.sosy_lab.solver.mathsat5,java-smt-0.60\src\org\sosy_lab\solver\mathsat5\Mathsat5NativeApi.java,Mathsat5NativeApi.java,java-smt,java-smt-0.60,06/11/2016
,CS48,UnusedDeclaration,,msat_create_itp_group,Mathsat5NativeApi,org.sosy_lab.solver.mathsat5,java-smt-0.60\src\org\sosy_lab\solver\mathsat5\Mathsat5NativeApi.java,Mathsat5NativeApi.java,java-smt,java-smt-0.60,06/11/2016
,CS49,UnusedDeclaration,,msat_objective_value_is_unbounded,Mathsat5NativeApi,org.sosy_lab.solver.mathsat5,java-smt-0.60\src\org\sosy_lab\solver\mathsat5\Mathsat5NativeApi.java,Mathsat5NativeApi.java,java-smt,java-smt-0.60,06/11/2016
,CS50,UnusedDeclaration,,msat_make_bv_ashr,Mathsat5NativeApi,org.sosy_lab.solver.mathsat5,java-smt-0.60\src\org\sosy_lab\solver\mathsat5\Mathsat5NativeApi.java,Mathsat5NativeApi.java,java-smt,java-smt-0.60,06/11/2016
,CS51,UnusedDeclaration,,msat_make_fp_roundingmode_minus_inf,Mathsat5NativeApi,org.sosy_lab.solver.mathsat5,java-smt-0.60\src\org\sosy_lab\solver\mathsat5\Mathsat5NativeApi.java,Mathsat5NativeApi.java,java-smt,java-smt-0.60,06/11/2016
,CS52,UnusedDeclaration,,msat_term_is_bv_comp,Mathsat5NativeApi,org.sosy_lab.solver.mathsat5,java-smt-0.60\src\org\sosy_lab\solver\mathsat5\Mathsat5NativeApi.java,Mathsat5NativeApi.java,java-smt,java-smt-0.60,06/11/2016
,CS53,UnusedDeclaration,,msat_make_fp_iszero,Mathsat5NativeApi,org.sosy_lab.solver.mathsat5,java-smt-0.60\src\org\sosy_lab\solver\mathsat5\Mathsat5NativeApi.java,Mathsat5NativeApi.java,java-smt,java-smt-0.60,06/11/2016
,CS54,UnusedDeclaration,,msat_make_fp_nan,Mathsat5NativeApi,org.sosy_lab.solver.mathsat5,java-smt-0.60\src\org\sosy_lab\solver\mathsat5\Mathsat5NativeApi.java,Mathsat5NativeApi.java,java-smt,java-smt-0.60,06/11/2016
,CS55,UnusedDeclaration,,msat_term_is_bv_lshr,Mathsat5NativeApi,org.sosy_lab.solver.mathsat5,java-smt-0.60\src\org\sosy_lab\solver\mathsat5\Mathsat5NativeApi.java,Mathsat5NativeApi.java,java-smt,java-smt-0.60,06/11/2016
,CS56,UnusedDeclaration,,msat_is_fp_type,Mathsat5NativeApi,org.sosy_lab.solver.mathsat5,java-smt-0.60\src\org\sosy_lab\solver\mathsat5\Mathsat5NativeApi.java,Mathsat5NativeApi.java,java-smt,java-smt-0.60,06/11/2016
,CS57,UnusedDeclaration,,msat_term_is_atom,Mathsat5NativeApi,org.sosy_lab.solver.mathsat5,java-smt-0.60\src\org\sosy_lab\solver\mathsat5\Mathsat5NativeApi.java,Mathsat5NativeApi.java,java-smt,java-smt-0.60,06/11/2016
,CS58,UnusedDeclaration,,msat_make_and,Mathsat5NativeApi,org.sosy_lab.solver.mathsat5,java-smt-0.60\src\org\sosy_lab\solver\mathsat5\Mathsat5NativeApi.java,Mathsat5NativeApi.java,java-smt,java-smt-0.60,06/11/2016
,CS59,UnusedDeclaration,,msat_term_is_bv_sleq,Mathsat5NativeApi,org.sosy_lab.solver.mathsat5,java-smt-0.60\src\org\sosy_lab\solver\mathsat5\Mathsat5NativeApi.java,Mathsat5NativeApi.java,java-smt,java-smt-0.60,06/11/2016
,CS60,UnusedDeclaration,,msat_term_is_int_from_sbv,Mathsat5NativeApi,org.sosy_lab.solver.mathsat5,java-smt-0.60\src\org\sosy_lab\solver\mathsat5\Mathsat5NativeApi.java,Mathsat5NativeApi.java,java-smt,java-smt-0.60,06/11/2016
,CS61,UnusedDeclaration,,msat_decl_get_arg_type,Mathsat5NativeApi,org.sosy_lab.solver.mathsat5,java-smt-0.60\src\org\sosy_lab\solver\mathsat5\Mathsat5NativeApi.java,Mathsat5NativeApi.java,java-smt,java-smt-0.60,06/11/2016
,CS62,UnusedDeclaration,,msat_get_version,Mathsat5NativeApi,org.sosy_lab.solver.mathsat5,java-smt-0.60\src\org\sosy_lab\solver\mathsat5\Mathsat5NativeApi.java,Mathsat5NativeApi.java,java-smt,java-smt-0.60,06/11/2016
,CS63,UnusedDeclaration,,msat_term_is_or,Mathsat5NativeApi,org.sosy_lab.solver.mathsat5,java-smt-0.60\src\org\sosy_lab\solver\mathsat5\Mathsat5NativeApi.java,Mathsat5NativeApi.java,java-smt,java-smt-0.60,06/11/2016
,CS64,UnusedDeclaration,,msat_term_is_bv_times,Mathsat5NativeApi,org.sosy_lab.solver.mathsat5,java-smt-0.60\src\org\sosy_lab\solver\mathsat5\Mathsat5NativeApi.java,Mathsat5NativeApi.java,java-smt,java-smt-0.60,06/11/2016
,CS65,UnusedDeclaration,,msat_make_fp_to_bv,Mathsat5NativeApi,org.sosy_lab.solver.mathsat5,java-smt-0.60\src\org\sosy_lab\solver\mathsat5\Mathsat5NativeApi.java,Mathsat5NativeApi.java,java-smt,java-smt-0.60,06/11/2016
,CS66,UnusedDeclaration,,msat_make_fp_from_ieeebv,Mathsat5NativeApi,org.sosy_lab.solver.mathsat5,java-smt-0.60\src\org\sosy_lab\solver\mathsat5\Mathsat5NativeApi.java,Mathsat5NativeApi.java,java-smt,java-smt-0.60,06/11/2016
,CS67,UnusedDeclaration,,msat_is_fp_roundingmode_type,Mathsat5NativeApi,org.sosy_lab.solver.mathsat5,java-smt-0.60\src\org\sosy_lab\solver\mathsat5\Mathsat5NativeApi.java,Mathsat5NativeApi.java,java-smt,java-smt-0.60,06/11/2016
,CS68,UnusedDeclaration,,msat_term_is_term_ite,Mathsat5NativeApi,org.sosy_lab.solver.mathsat5,java-smt-0.60\src\org\sosy_lab\solver\mathsat5\Mathsat5NativeApi.java,Mathsat5NativeApi.java,java-smt,java-smt-0.60,06/11/2016
,CS69,UnusedDeclaration,,msat_decl_get_arity,Mathsat5NativeApi,org.sosy_lab.solver.mathsat5,java-smt-0.60\src\org\sosy_lab\solver\mathsat5\Mathsat5NativeApi.java,Mathsat5NativeApi.java,java-smt,java-smt-0.60,06/11/2016
,CS70,UnusedDeclaration,,msat_make_fp_round_to_int,Mathsat5NativeApi,org.sosy_lab.solver.mathsat5,java-smt-0.60\src\org\sosy_lab\solver\mathsat5\Mathsat5NativeApi.java,Mathsat5NativeApi.java,java-smt,java-smt-0.60,06/11/2016
,CS71,UnusedDeclaration,,msat_create_config,Mathsat5NativeApi,org.sosy_lab.solver.mathsat5,java-smt-0.60\src\org\sosy_lab\solver\mathsat5\Mathsat5NativeApi.java,Mathsat5NativeApi.java,java-smt,java-smt-0.60,06/11/2016
,CS72,UnusedDeclaration,,msat_make_int_from_ubv,Mathsat5NativeApi,org.sosy_lab.solver.mathsat5,java-smt-0.60\src\org\sosy_lab\solver\mathsat5\Mathsat5NativeApi.java,Mathsat5NativeApi.java,java-smt,java-smt-0.60,06/11/2016
,CS73,UnusedDeclaration,,msat_get_fp_roundingmode_type,Mathsat5NativeApi,org.sosy_lab.solver.mathsat5,java-smt-0.60\src\org\sosy_lab\solver\mathsat5\Mathsat5NativeApi.java,Mathsat5NativeApi.java,java-smt,java-smt-0.60,06/11/2016
,CS74,UnusedDeclaration,,msat_make_array_write,Mathsat5NativeApi,org.sosy_lab.solver.mathsat5,java-smt-0.60\src\org\sosy_lab\solver\mathsat5\Mathsat5NativeApi.java,Mathsat5NativeApi.java,java-smt,java-smt-0.60,06/11/2016
,CS75,UnusedDeclaration,,msat_term_is_and,Mathsat5NativeApi,org.sosy_lab.solver.mathsat5,java-smt-0.60\src\org\sosy_lab\solver\mathsat5\Mathsat5NativeApi.java,Mathsat5NativeApi.java,java-smt,java-smt-0.60,06/11/2016
,CS76,UnusedDeclaration,,msat_make_copy_from,Mathsat5NativeApi,org.sosy_lab.solver.mathsat5,java-smt-0.60\src\org\sosy_lab\solver\mathsat5\Mathsat5NativeApi.java,Mathsat5NativeApi.java,java-smt,java-smt-0.60,06/11/2016
,CS77,UnusedDeclaration,,msat_reset_env,Mathsat5NativeApi,org.sosy_lab.solver.mathsat5,java-smt-0.60\src\org\sosy_lab\solver\mathsat5\Mathsat5NativeApi.java,Mathsat5NativeApi.java,java-smt,java-smt-0.60,06/11/2016
,CS78,UnusedDeclaration,,msat_free_termination_test,Mathsat5NativeApi,org.sosy_lab.solver.mathsat5,java-smt-0.60\src\org\sosy_lab\solver\mathsat5\Mathsat5NativeApi.java,Mathsat5NativeApi.java,java-smt,java-smt-0.60,06/11/2016
,CS79,UnusedDeclaration,,msat_make_bv_udiv,Mathsat5NativeApi,org.sosy_lab.solver.mathsat5,java-smt-0.60\src\org\sosy_lab\solver\mathsat5\Mathsat5NativeApi.java,Mathsat5NativeApi.java,java-smt,java-smt-0.60,06/11/2016
,CS80,UnusedDeclaration,,msat_make_plus,Mathsat5NativeApi,org.sosy_lab.solver.mathsat5,java-smt-0.60\src\org\sosy_lab\solver\mathsat5\Mathsat5NativeApi.java,Mathsat5NativeApi.java,java-smt,java-smt-0.60,06/11/2016
,CS81,UnusedDeclaration,,msat_objective_get_term,Mathsat5NativeApi,org.sosy_lab.solver.mathsat5,java-smt-0.60\src\org\sosy_lab\solver\mathsat5\Mathsat5NativeApi.java,Mathsat5NativeApi.java,java-smt,java-smt-0.60,06/11/2016
,CS82,UnusedDeclaration,,msat_get_function_type,Mathsat5NativeApi,org.sosy_lab.solver.mathsat5,java-smt-0.60\src\org\sosy_lab\solver\mathsat5\Mathsat5NativeApi.java,Mathsat5NativeApi.java,java-smt,java-smt-0.60,06/11/2016
,CS83,UnusedDeclaration,,msat_make_fp_roundingmode_nearest_even,Mathsat5NativeApi,org.sosy_lab.solver.mathsat5,java-smt-0.60\src\org\sosy_lab\solver\mathsat5\Mathsat5NativeApi.java,Mathsat5NativeApi.java,java-smt,java-smt-0.60,06/11/2016
,CS84,UnusedDeclaration,,msat_make_bv_number,Mathsat5NativeApi,org.sosy_lab.solver.mathsat5,java-smt-0.60\src\org\sosy_lab\solver\mathsat5\Mathsat5NativeApi.java,Mathsat5NativeApi.java,java-smt,java-smt-0.60,06/11/2016
,CS85,UnusedDeclaration,,msat_push_minmax,Mathsat5NativeApi,org.sosy_lab.solver.mathsat5,java-smt-0.60\src\org\sosy_lab\solver\mathsat5\Mathsat5NativeApi.java,Mathsat5NativeApi.java,java-smt,java-smt-0.60,06/11/2016
,CS86,UnusedDeclaration,,msat_destroy_config,Mathsat5NativeApi,org.sosy_lab.solver.mathsat5,java-smt-0.60\src\org\sosy_lab\solver\mathsat5\Mathsat5NativeApi.java,Mathsat5NativeApi.java,java-smt,java-smt-0.60,06/11/2016
,CS87,UnusedDeclaration,,msat_term_is_bv_extract,Mathsat5NativeApi,org.sosy_lab.solver.mathsat5,java-smt-0.60\src\org\sosy_lab\solver\mathsat5\Mathsat5NativeApi.java,Mathsat5NativeApi.java,java-smt,java-smt-0.60,06/11/2016
,CS88,UnusedDeclaration,,msat_push_minimize,Mathsat5NativeApi,org.sosy_lab.solver.mathsat5,java-smt-0.60\src\org\sosy_lab\solver\mathsat5\Mathsat5NativeApi.java,Mathsat5NativeApi.java,java-smt,java-smt-0.60,06/11/2016
,CS89,UnusedDeclaration,,msat_make_fp_leq,Mathsat5NativeApi,org.sosy_lab.solver.mathsat5,java-smt-0.60\src\org\sosy_lab\solver\mathsat5\Mathsat5NativeApi.java,Mathsat5NativeApi.java,java-smt,java-smt-0.60,06/11/2016
,CS90,UnusedDeclaration,,msat_objective_result,Mathsat5NativeApi,org.sosy_lab.solver.mathsat5,java-smt-0.60\src\org\sosy_lab\solver\mathsat5\Mathsat5NativeApi.java,Mathsat5NativeApi.java,java-smt,java-smt-0.60,06/11/2016
,CS91,UnusedDeclaration,,msat_make_bv_not,Mathsat5NativeApi,org.sosy_lab.solver.mathsat5,java-smt-0.60\src\org\sosy_lab\solver\mathsat5\Mathsat5NativeApi.java,Mathsat5NativeApi.java,java-smt,java-smt-0.60,06/11/2016
,CS92,UnusedDeclaration,,msat_get_fp_type_exp_width,Mathsat5NativeApi,org.sosy_lab.solver.mathsat5,java-smt-0.60\src\org\sosy_lab\solver\mathsat5\Mathsat5NativeApi.java,Mathsat5NativeApi.java,java-smt,java-smt-0.60,06/11/2016
,CS93,UnusedDeclaration,,msat_to_smtlib1,Mathsat5NativeApi,org.sosy_lab.solver.mathsat5,java-smt-0.60\src\org\sosy_lab\solver\mathsat5\Mathsat5NativeApi.java,Mathsat5NativeApi.java,java-smt,java-smt-0.60,06/11/2016
,CS94,UnusedDeclaration,,msat_term_is_constant,Mathsat5NativeApi,org.sosy_lab.solver.mathsat5,java-smt-0.60\src\org\sosy_lab\solver\mathsat5\Mathsat5NativeApi.java,Mathsat5NativeApi.java,java-smt,java-smt-0.60,06/11/2016
,CS95,UnusedDeclaration,,msat_destroy_env,Mathsat5NativeApi,org.sosy_lab.solver.mathsat5,java-smt-0.60\src\org\sosy_lab\solver\mathsat5\Mathsat5NativeApi.java,Mathsat5NativeApi.java,java-smt,java-smt-0.60,06/11/2016
,CS96,UnusedDeclaration,,msat_make_fp_ispos,Mathsat5NativeApi,org.sosy_lab.solver.mathsat5,java-smt-0.60\src\org\sosy_lab\solver\mathsat5\Mathsat5NativeApi.java,Mathsat5NativeApi.java,java-smt,java-smt-0.60,06/11/2016
,CS97,UnusedDeclaration,,msat_term_is_bv_lshl,Mathsat5NativeApi,org.sosy_lab.solver.mathsat5,java-smt-0.60\src\org\sosy_lab\solver\mathsat5\Mathsat5NativeApi.java,Mathsat5NativeApi.java,java-smt,java-smt-0.60,06/11/2016
,CS98,UnusedDeclaration,,msat_term_is_bv_sdiv,Mathsat5NativeApi,org.sosy_lab.solver.mathsat5,java-smt-0.60\src\org\sosy_lab\solver\mathsat5\Mathsat5NativeApi.java,Mathsat5NativeApi.java,java-smt,java-smt-0.60,06/11/2016
,CS99,UnusedDeclaration,,msat_get_array_type,Mathsat5NativeApi,org.sosy_lab.solver.mathsat5,java-smt-0.60\src\org\sosy_lab\solver\mathsat5\Mathsat5NativeApi.java,Mathsat5NativeApi.java,java-smt,java-smt-0.60,06/11/2016
,CS100,UnusedDeclaration,,msat_set_model,Mathsat5NativeApi,org.sosy_lab.solver.mathsat5,java-smt-0.60\src\org\sosy_lab\solver\mathsat5\Mathsat5NativeApi.java,Mathsat5NativeApi.java,java-smt,java-smt-0.60,06/11/2016
,CS101,UnusedDeclaration,,msat_term_is_false,Mathsat5NativeApi,org.sosy_lab.solver.mathsat5,java-smt-0.60\src\org\sosy_lab\solver\mathsat5\Mathsat5NativeApi.java,Mathsat5NativeApi.java,java-smt,java-smt-0.60,06/11/2016
,CS102,UnusedDeclaration,,msat_create_model_iterator,Mathsat5NativeApi,org.sosy_lab.solver.mathsat5,java-smt-0.60\src\org\sosy_lab\solver\mathsat5\Mathsat5NativeApi.java,Mathsat5NativeApi.java,java-smt,java-smt-0.60,06/11/2016
,CS103,UnusedDeclaration,,msat_decl_get_name,Mathsat5NativeApi,org.sosy_lab.solver.mathsat5,java-smt-0.60\src\org\sosy_lab\solver\mathsat5\Mathsat5NativeApi.java,Mathsat5NativeApi.java,java-smt,java-smt-0.60,06/11/2016
,CS104,UnusedDeclaration,,msat_make_equal,Mathsat5NativeApi,org.sosy_lab.solver.mathsat5,java-smt-0.60\src\org\sosy_lab\solver\mathsat5\Mathsat5NativeApi.java,Mathsat5NativeApi.java,java-smt,java-smt-0.60,06/11/2016
,CS105,UnusedDeclaration,,msat_model_create_iterator,Mathsat5NativeApi,org.sosy_lab.solver.mathsat5,java-smt-0.60\src\org\sosy_lab\solver\mathsat5\Mathsat5NativeApi.java,Mathsat5NativeApi.java,java-smt,java-smt-0.60,06/11/2016
,CS106,UnusedDeclaration,,msat_term_is_bv_slt,Mathsat5NativeApi,org.sosy_lab.solver.mathsat5,java-smt-0.60\src\org\sosy_lab\solver\mathsat5\Mathsat5NativeApi.java,Mathsat5NativeApi.java,java-smt,java-smt-0.60,06/11/2016
,CS107,UnusedDeclaration,,msat_make_fp_equal,Mathsat5NativeApi,org.sosy_lab.solver.mathsat5,java-smt-0.60\src\org\sosy_lab\solver\mathsat5\Mathsat5NativeApi.java,Mathsat5NativeApi.java,java-smt,java-smt-0.60,06/11/2016
,CS108,UnusedDeclaration,,msat_to_smtlib2,Mathsat5NativeApi,org.sosy_lab.solver.mathsat5,java-smt-0.60\src\org\sosy_lab\solver\mathsat5\Mathsat5NativeApi.java,Mathsat5NativeApi.java,java-smt,java-smt-0.60,06/11/2016
,CS109,UnusedDeclaration,,msat_model_iterator_has_next,Mathsat5NativeApi,org.sosy_lab.solver.mathsat5,java-smt-0.60\src\org\sosy_lab\solver\mathsat5\Mathsat5NativeApi.java,Mathsat5NativeApi.java,java-smt,java-smt-0.60,06/11/2016
,CS110,UnusedDeclaration,,msat_make_fp_isnan,Mathsat5NativeApi,org.sosy_lab.solver.mathsat5,java-smt-0.60\src\org\sosy_lab\solver\mathsat5\Mathsat5NativeApi.java,Mathsat5NativeApi.java,java-smt,java-smt-0.60,06/11/2016
,CS111,UnusedDeclaration,,msat_set_itp_group,Mathsat5NativeApi,org.sosy_lab.solver.mathsat5,java-smt-0.60\src\org\sosy_lab\solver\mathsat5\Mathsat5NativeApi.java,Mathsat5NativeApi.java,java-smt,java-smt-0.60,06/11/2016
,CS112,UnusedDeclaration,,msat_make_fp_isinf,Mathsat5NativeApi,org.sosy_lab.solver.mathsat5,java-smt-0.60\src\org\sosy_lab\solver\mathsat5\Mathsat5NativeApi.java,Mathsat5NativeApi.java,java-smt,java-smt-0.60,06/11/2016
,CS113,UnusedDeclaration,,msat_get_bv_type,Mathsat5NativeApi,org.sosy_lab.solver.mathsat5,java-smt-0.60\src\org\sosy_lab\solver\mathsat5\Mathsat5NativeApi.java,Mathsat5NativeApi.java,java-smt,java-smt-0.60,06/11/2016
,CS114,UnusedDeclaration,,msat_decl_get_tag,Mathsat5NativeApi,org.sosy_lab.solver.mathsat5,java-smt-0.60\src\org\sosy_lab\solver\mathsat5\Mathsat5NativeApi.java,Mathsat5NativeApi.java,java-smt,java-smt-0.60,06/11/2016
,CS115,UnusedDeclaration,,msat_destroy_objective_iterator,Mathsat5NativeApi,org.sosy_lab.solver.mathsat5,java-smt-0.60\src\org\sosy_lab\solver\mathsat5\Mathsat5NativeApi.java,Mathsat5NativeApi.java,java-smt,java-smt-0.60,06/11/2016
,CS116,UnusedDeclaration,,msat_term_is_bv_rol,Mathsat5NativeApi,org.sosy_lab.solver.mathsat5,java-smt-0.60\src\org\sosy_lab\solver\mathsat5\Mathsat5NativeApi.java,Mathsat5NativeApi.java,java-smt,java-smt-0.60,06/11/2016
,CS117,UnusedDeclaration,,msat_term_is_true,Mathsat5NativeApi,org.sosy_lab.solver.mathsat5,java-smt-0.60\src\org\sosy_lab\solver\mathsat5\Mathsat5NativeApi.java,Mathsat5NativeApi.java,java-smt,java-smt-0.60,06/11/2016
,CS118,UnusedDeclaration,,msat_make_not,Mathsat5NativeApi,org.sosy_lab.solver.mathsat5,java-smt-0.60\src\org\sosy_lab\solver\mathsat5\Mathsat5NativeApi.java,Mathsat5NativeApi.java,java-smt,java-smt-0.60,06/11/2016
,CS119,UnusedDeclaration,,msat_make_fp_issubnormal,Mathsat5NativeApi,org.sosy_lab.solver.mathsat5,java-smt-0.60\src\org\sosy_lab\solver\mathsat5\Mathsat5NativeApi.java,Mathsat5NativeApi.java,java-smt,java-smt-0.60,06/11/2016
,CS120,UnusedDeclaration,,msat_model_eval,Mathsat5NativeApi,org.sosy_lab.solver.mathsat5,java-smt-0.60\src\org\sosy_lab\solver\mathsat5\Mathsat5NativeApi.java,Mathsat5NativeApi.java,java-smt,java-smt-0.60,06/11/2016
,CS121,UnusedDeclaration,,msat_get_fp_type,Mathsat5NativeApi,org.sosy_lab.solver.mathsat5,java-smt-0.60\src\org\sosy_lab\solver\mathsat5\Mathsat5NativeApi.java,Mathsat5NativeApi.java,java-smt,java-smt-0.60,06/11/2016
,CS122,UnusedDeclaration,,msat_make_iff,Mathsat5NativeApi,org.sosy_lab.solver.mathsat5,java-smt-0.60\src\org\sosy_lab\solver\mathsat5\Mathsat5NativeApi.java,Mathsat5NativeApi.java,java-smt,java-smt-0.60,06/11/2016
,CS123,UnusedDeclaration,,msat_term_is_bv_ror,Mathsat5NativeApi,org.sosy_lab.solver.mathsat5,java-smt-0.60\src\org\sosy_lab\solver\mathsat5\Mathsat5NativeApi.java,Mathsat5NativeApi.java,java-smt,java-smt-0.60,06/11/2016
,CS124,UnusedDeclaration,,msat_get_array_element_type,Mathsat5NativeApi,org.sosy_lab.solver.mathsat5,java-smt-0.60\src\org\sosy_lab\solver\mathsat5\Mathsat5NativeApi.java,Mathsat5NativeApi.java,java-smt,java-smt-0.60,06/11/2016
,CS125,UnusedDeclaration,,msat_make_fp_isneg,Mathsat5NativeApi,org.sosy_lab.solver.mathsat5,java-smt-0.60\src\org\sosy_lab\solver\mathsat5\Mathsat5NativeApi.java,Mathsat5NativeApi.java,java-smt,java-smt-0.60,06/11/2016
,CS126,UnusedDeclaration,,msat_named_list_to_smtlib2,Mathsat5NativeApi,org.sosy_lab.solver.mathsat5,java-smt-0.60\src\org\sosy_lab\solver\mathsat5\Mathsat5NativeApi.java,Mathsat5NativeApi.java,java-smt,java-smt-0.60,06/11/2016
,CS127,UnusedDeclaration,,msat_create_env,Mathsat5NativeApi,org.sosy_lab.solver.mathsat5,java-smt-0.60\src\org\sosy_lab\solver\mathsat5\Mathsat5NativeApi.java,Mathsat5NativeApi.java,java-smt,java-smt-0.60,06/11/2016
,CS128,UnusedDeclaration,,msat_make_uf,Mathsat5NativeApi,org.sosy_lab.solver.mathsat5,java-smt-0.60\src\org\sosy_lab\solver\mathsat5\Mathsat5NativeApi.java,Mathsat5NativeApi.java,java-smt,java-smt-0.60,06/11/2016
,CS129,UnusedDeclaration,,msat_decl_id,Mathsat5NativeApi,org.sosy_lab.solver.mathsat5,java-smt-0.60\src\org\sosy_lab\solver\mathsat5\Mathsat5NativeApi.java,Mathsat5NativeApi.java,java-smt,java-smt-0.60,06/11/2016
,CS130,UnusedDeclaration,,msat_pop_backtrack_point,Mathsat5NativeApi,org.sosy_lab.solver.mathsat5,java-smt-0.60\src\org\sosy_lab\solver\mathsat5\Mathsat5NativeApi.java,Mathsat5NativeApi.java,java-smt,java-smt-0.60,06/11/2016
,CS131,UnusedDeclaration,,msat_make_fp_minus_inf,Mathsat5NativeApi,org.sosy_lab.solver.mathsat5,java-smt-0.60\src\org\sosy_lab\solver\mathsat5\Mathsat5NativeApi.java,Mathsat5NativeApi.java,java-smt,java-smt-0.60,06/11/2016
,CS132,UnusedDeclaration,,msat_term_is_bv_uleq,Mathsat5NativeApi,org.sosy_lab.solver.mathsat5,java-smt-0.60\src\org\sosy_lab\solver\mathsat5\Mathsat5NativeApi.java,Mathsat5NativeApi.java,java-smt,java-smt-0.60,06/11/2016
,CS133,UnusedDeclaration,,msat_term_is_boolean_constant,Mathsat5NativeApi,org.sosy_lab.solver.mathsat5,java-smt-0.60\src\org\sosy_lab\solver\mathsat5\Mathsat5NativeApi.java,Mathsat5NativeApi.java,java-smt,java-smt-0.60,06/11/2016
,CS134,UnusedDeclaration,,msat_declare_function,Mathsat5NativeApi,org.sosy_lab.solver.mathsat5,java-smt-0.60\src\org\sosy_lab\solver\mathsat5\Mathsat5NativeApi.java,Mathsat5NativeApi.java,java-smt,java-smt-0.60,06/11/2016
,CS135,UnusedDeclaration,,msat_term_get_arg,Mathsat5NativeApi,org.sosy_lab.solver.mathsat5,java-smt-0.60\src\org\sosy_lab\solver\mathsat5\Mathsat5NativeApi.java,Mathsat5NativeApi.java,java-smt,java-smt-0.60,06/11/2016
,CS136,UnusedDeclaration,,msat_get_theory_lemmas,Mathsat5NativeApi,org.sosy_lab.solver.mathsat5,java-smt-0.60\src\org\sosy_lab\solver\mathsat5\Mathsat5NativeApi.java,Mathsat5NativeApi.java,java-smt,java-smt-0.60,06/11/2016
,CS137,UnusedDeclaration,,msat_term_is_bv_ult,Mathsat5NativeApi,org.sosy_lab.solver.mathsat5,java-smt-0.60\src\org\sosy_lab\solver\mathsat5\Mathsat5NativeApi.java,Mathsat5NativeApi.java,java-smt,java-smt-0.60,06/11/2016
,CS138,UnusedDeclaration,,msat_get_unsat_core,Mathsat5NativeApi,org.sosy_lab.solver.mathsat5,java-smt-0.60\src\org\sosy_lab\solver\mathsat5\Mathsat5NativeApi.java,Mathsat5NativeApi.java,java-smt,java-smt-0.60,06/11/2016
,CS139,UnusedDeclaration,,msat_objective_value_is_strict,Mathsat5NativeApi,org.sosy_lab.solver.mathsat5,java-smt-0.60\src\org\sosy_lab\solver\mathsat5\Mathsat5NativeApi.java,Mathsat5NativeApi.java,java-smt,java-smt-0.60,06/11/2016
,CS140,UnusedDeclaration,,msat_make_fp_sqrt,Mathsat5NativeApi,org.sosy_lab.solver.mathsat5,java-smt-0.60\src\org\sosy_lab\solver\mathsat5\Mathsat5NativeApi.java,Mathsat5NativeApi.java,java-smt,java-smt-0.60,06/11/2016
,CS141,UnusedDeclaration,,msat_make_bv_sext,Mathsat5NativeApi,org.sosy_lab.solver.mathsat5,java-smt-0.60\src\org\sosy_lab\solver\mathsat5\Mathsat5NativeApi.java,Mathsat5NativeApi.java,java-smt,java-smt-0.60,06/11/2016
,CS142,UnusedDeclaration,,msat_make_fp_bits_number,Mathsat5NativeApi,org.sosy_lab.solver.mathsat5,java-smt-0.60\src\org\sosy_lab\solver\mathsat5\Mathsat5NativeApi.java,Mathsat5NativeApi.java,java-smt,java-smt-0.60,06/11/2016
,CS143,UnusedDeclaration,,msat_gc_env,Mathsat5NativeApi,org.sosy_lab.solver.mathsat5,java-smt-0.60\src\org\sosy_lab\solver\mathsat5\Mathsat5NativeApi.java,Mathsat5NativeApi.java,java-smt,java-smt-0.60,06/11/2016
,CS144,UnusedDeclaration,,msat_make_fp_from_sbv,Mathsat5NativeApi,org.sosy_lab.solver.mathsat5,java-smt-0.60\src\org\sosy_lab\solver\mathsat5\Mathsat5NativeApi.java,Mathsat5NativeApi.java,java-smt,java-smt-0.60,06/11/2016
,CS145,UnusedDeclaration,,msat_get_unsat_assumptions,Mathsat5NativeApi,org.sosy_lab.solver.mathsat5,java-smt-0.60\src\org\sosy_lab\solver\mathsat5\Mathsat5NativeApi.java,Mathsat5NativeApi.java,java-smt,java-smt-0.60,06/11/2016
,CS146,UnusedDeclaration,,msat_get_bv_type_size,Mathsat5NativeApi,org.sosy_lab.solver.mathsat5,java-smt-0.60\src\org\sosy_lab\solver\mathsat5\Mathsat5NativeApi.java,Mathsat5NativeApi.java,java-smt,java-smt-0.60,06/11/2016
,CS147,UnusedDeclaration,,msat_make_bv_uleq,Mathsat5NativeApi,org.sosy_lab.solver.mathsat5,java-smt-0.60\src\org\sosy_lab\solver\mathsat5\Mathsat5NativeApi.java,Mathsat5NativeApi.java,java-smt,java-smt-0.60,06/11/2016
,CS148,UnusedDeclaration,,msat_get_asserted_formulas,Mathsat5NativeApi,org.sosy_lab.solver.mathsat5,java-smt-0.60\src\org\sosy_lab\solver\mathsat5\Mathsat5NativeApi.java,Mathsat5NativeApi.java,java-smt,java-smt-0.60,06/11/2016
,CS149,UnusedDeclaration,,msat_from_smtlib1,Mathsat5NativeApi,org.sosy_lab.solver.mathsat5,java-smt-0.60\src\org\sosy_lab\solver\mathsat5\Mathsat5NativeApi.java,Mathsat5NativeApi.java,java-smt,java-smt-0.60,06/11/2016
,CS150,UnusedDeclaration,,msat_find_decl,Mathsat5NativeApi,org.sosy_lab.solver.mathsat5,java-smt-0.60\src\org\sosy_lab\solver\mathsat5\Mathsat5NativeApi.java,Mathsat5NativeApi.java,java-smt,java-smt-0.60,06/11/2016
,CS151,UnusedDeclaration,,msat_term_is_int_to_bv,Mathsat5NativeApi,org.sosy_lab.solver.mathsat5,java-smt-0.60\src\org\sosy_lab\solver\mathsat5\Mathsat5NativeApi.java,Mathsat5NativeApi.java,java-smt,java-smt-0.60,06/11/2016
,CS152,UnusedDeclaration,,msat_make_fp_max,Mathsat5NativeApi,org.sosy_lab.solver.mathsat5,java-smt-0.60\src\org\sosy_lab\solver\mathsat5\Mathsat5NativeApi.java,Mathsat5NativeApi.java,java-smt,java-smt-0.60,06/11/2016
,CS153,UnusedDeclaration,,msat_term_is_leq,Mathsat5NativeApi,org.sosy_lab.solver.mathsat5,java-smt-0.60\src\org\sosy_lab\solver\mathsat5\Mathsat5NativeApi.java,Mathsat5NativeApi.java,java-smt,java-smt-0.60,06/11/2016
,CS154,UnusedDeclaration,,msat_get_rational_type,Mathsat5NativeApi,org.sosy_lab.solver.mathsat5,java-smt-0.60\src\org\sosy_lab\solver\mathsat5\Mathsat5NativeApi.java,Mathsat5NativeApi.java,java-smt,java-smt-0.60,06/11/2016
,CS155,UnusedDeclaration,,msat_objective_iterator_next,Mathsat5NativeApi,org.sosy_lab.solver.mathsat5,java-smt-0.60\src\org\sosy_lab\solver\mathsat5\Mathsat5NativeApi.java,Mathsat5NativeApi.java,java-smt,java-smt-0.60,06/11/2016
,CS156,UnusedDeclaration,,msat_make_true,Mathsat5NativeApi,org.sosy_lab.solver.mathsat5,java-smt-0.60\src\org\sosy_lab\solver\mathsat5\Mathsat5NativeApi.java,Mathsat5NativeApi.java,java-smt,java-smt-0.60,06/11/2016
,CS157,UnusedDeclaration,,msat_term_is_array_const,Mathsat5NativeApi,org.sosy_lab.solver.mathsat5,java-smt-0.60\src\org\sosy_lab\solver\mathsat5\Mathsat5NativeApi.java,Mathsat5NativeApi.java,java-smt,java-smt-0.60,06/11/2016
,CS158,UnusedDeclaration,,msat_make_bv_xor,Mathsat5NativeApi,org.sosy_lab.solver.mathsat5,java-smt-0.60\src\org\sosy_lab\solver\mathsat5\Mathsat5NativeApi.java,Mathsat5NativeApi.java,java-smt,java-smt-0.60,06/11/2016
,CS159,UnusedDeclaration,,msat_is_array_type,Mathsat5NativeApi,org.sosy_lab.solver.mathsat5,java-smt-0.60\src\org\sosy_lab\solver\mathsat5\Mathsat5NativeApi.java,Mathsat5NativeApi.java,java-smt,java-smt-0.60,06/11/2016
,CS160,UnusedDeclaration,,msat_set_termination_test,Mathsat5NativeApi,org.sosy_lab.solver.mathsat5,java-smt-0.60\src\org\sosy_lab\solver\mathsat5\Mathsat5NativeApi.java,Mathsat5NativeApi.java,java-smt,java-smt-0.60,06/11/2016
,CS161,UnusedDeclaration,,msat_make_bv_and,Mathsat5NativeApi,org.sosy_lab.solver.mathsat5,java-smt-0.60\src\org\sosy_lab\solver\mathsat5\Mathsat5NativeApi.java,Mathsat5NativeApi.java,java-smt,java-smt-0.60,06/11/2016
,CS162,UnusedDeclaration,,msat_term_is_bv_urem,Mathsat5NativeApi,org.sosy_lab.solver.mathsat5,java-smt-0.60\src\org\sosy_lab\solver\mathsat5\Mathsat5NativeApi.java,Mathsat5NativeApi.java,java-smt,java-smt-0.60,06/11/2016
,CS163,UnusedDeclaration,,msat_apply_substitution,Mathsat5NativeApi,org.sosy_lab.solver.mathsat5,java-smt-0.60\src\org\sosy_lab\solver\mathsat5\Mathsat5NativeApi.java,Mathsat5NativeApi.java,java-smt,java-smt-0.60,06/11/2016
,CS164,UnusedDeclaration,,msat_term_is_bv_neg,Mathsat5NativeApi,org.sosy_lab.solver.mathsat5,java-smt-0.60\src\org\sosy_lab\solver\mathsat5\Mathsat5NativeApi.java,Mathsat5NativeApi.java,java-smt,java-smt-0.60,06/11/2016
,CS165,UnusedDeclaration,,msat_make_bv_zext,Mathsat5NativeApi,org.sosy_lab.solver.mathsat5,java-smt-0.60\src\org\sosy_lab\solver\mathsat5\Mathsat5NativeApi.java,Mathsat5NativeApi.java,java-smt,java-smt-0.60,06/11/2016
,CS166,UnusedDeclaration,,msat_create_shared_env,Mathsat5NativeApi,org.sosy_lab.solver.mathsat5,java-smt-0.60\src\org\sosy_lab\solver\mathsat5\Mathsat5NativeApi.java,Mathsat5NativeApi.java,java-smt,java-smt-0.60,06/11/2016
,CS167,UnusedDeclaration,,msat_make_floor,Mathsat5NativeApi,org.sosy_lab.solver.mathsat5,java-smt-0.60\src\org\sosy_lab\solver\mathsat5\Mathsat5NativeApi.java,Mathsat5NativeApi.java,java-smt,java-smt-0.60,06/11/2016
,CS168,UnusedDeclaration,,msat_assert_soft_formula,Mathsat5NativeApi,org.sosy_lab.solver.mathsat5,java-smt-0.60\src\org\sosy_lab\solver\mathsat5\Mathsat5NativeApi.java,Mathsat5NativeApi.java,java-smt,java-smt-0.60,06/11/2016
,CS169,UnusedDeclaration,,msat_make_bv_ult,Mathsat5NativeApi,org.sosy_lab.solver.mathsat5,java-smt-0.60\src\org\sosy_lab\solver\mathsat5\Mathsat5NativeApi.java,Mathsat5NativeApi.java,java-smt,java-smt-0.60,06/11/2016
,CS170,UnusedDeclaration,,msat_term_is_bv_sext,Mathsat5NativeApi,org.sosy_lab.solver.mathsat5,java-smt-0.60\src\org\sosy_lab\solver\mathsat5\Mathsat5NativeApi.java,Mathsat5NativeApi.java,java-smt,java-smt-0.60,06/11/2016
,CS171,UnusedDeclaration,,msat_term_is_uf,Mathsat5NativeApi,org.sosy_lab.solver.mathsat5,java-smt-0.60\src\org\sosy_lab\solver\mathsat5\Mathsat5NativeApi.java,Mathsat5NativeApi.java,java-smt,java-smt-0.60,06/11/2016
,CS172,UnusedDeclaration,,msat_term_is_bv_zext,Mathsat5NativeApi,org.sosy_lab.solver.mathsat5,java-smt-0.60\src\org\sosy_lab\solver\mathsat5\Mathsat5NativeApi.java,Mathsat5NativeApi.java,java-smt,java-smt-0.60,06/11/2016
,CS173,UnusedDeclaration,,msat_is_bool_type,Mathsat5NativeApi,org.sosy_lab.solver.mathsat5,java-smt-0.60\src\org\sosy_lab\solver\mathsat5\Mathsat5NativeApi.java,Mathsat5NativeApi.java,java-smt,java-smt-0.60,06/11/2016
,CS174,UnusedDeclaration,,msat_term_is_number,Mathsat5NativeApi,org.sosy_lab.solver.mathsat5,java-smt-0.60\src\org\sosy_lab\solver\mathsat5\Mathsat5NativeApi.java,Mathsat5NativeApi.java,java-smt,java-smt-0.60,06/11/2016
,CS175,UnusedDeclaration,,msat_named_list_from_smtlib2,Mathsat5NativeApi,org.sosy_lab.solver.mathsat5,java-smt-0.60\src\org\sosy_lab\solver\mathsat5\Mathsat5NativeApi.java,Mathsat5NativeApi.java,java-smt,java-smt-0.60,06/11/2016
,CS176,UnusedDeclaration,,msat_make_bv_urem,Mathsat5NativeApi,org.sosy_lab.solver.mathsat5,java-smt-0.60\src\org\sosy_lab\solver\mathsat5\Mathsat5NativeApi.java,Mathsat5NativeApi.java,java-smt,java-smt-0.60,06/11/2016
,CS177,UnusedDeclaration,,msat_objective_value_repr,Mathsat5NativeApi,org.sosy_lab.solver.mathsat5,java-smt-0.60\src\org\sosy_lab\solver\mathsat5\Mathsat5NativeApi.java,Mathsat5NativeApi.java,java-smt,java-smt-0.60,06/11/2016
,CS178,UnusedDeclaration,,msat_make_fp_as_ieeebv,Mathsat5NativeApi,org.sosy_lab.solver.mathsat5,java-smt-0.60\src\org\sosy_lab\solver\mathsat5\Mathsat5NativeApi.java,Mathsat5NativeApi.java,java-smt,java-smt-0.60,06/11/2016
,CS179,UnusedDeclaration,,msat_make_false,Mathsat5NativeApi,org.sosy_lab.solver.mathsat5,java-smt-0.60\src\org\sosy_lab\solver\mathsat5\Mathsat5NativeApi.java,Mathsat5NativeApi.java,java-smt,java-smt-0.60,06/11/2016
,CS180,UnusedDeclaration,,msat_get_bool_type,Mathsat5NativeApi,org.sosy_lab.solver.mathsat5,java-smt-0.60\src\org\sosy_lab\solver\mathsat5\Mathsat5NativeApi.java,Mathsat5NativeApi.java,java-smt,java-smt-0.60,06/11/2016
,CS181,UnusedDeclaration,,msat_make_bv_ror,Mathsat5NativeApi,org.sosy_lab.solver.mathsat5,java-smt-0.60\src\org\sosy_lab\solver\mathsat5\Mathsat5NativeApi.java,Mathsat5NativeApi.java,java-smt,java-smt-0.60,06/11/2016
,CS182,UnusedDeclaration,,msat_term_is_array_write,Mathsat5NativeApi,org.sosy_lab.solver.mathsat5,java-smt-0.60\src\org\sosy_lab\solver\mathsat5\Mathsat5NativeApi.java,Mathsat5NativeApi.java,java-smt,java-smt-0.60,06/11/2016
,CS183,UnusedDeclaration,,msat_make_fp_cast,Mathsat5NativeApi,org.sosy_lab.solver.mathsat5,java-smt-0.60\src\org\sosy_lab\solver\mathsat5\Mathsat5NativeApi.java,Mathsat5NativeApi.java,java-smt,java-smt-0.60,06/11/2016
,CS184,UnusedDeclaration,,msat_is_integer_type,Mathsat5NativeApi,org.sosy_lab.solver.mathsat5,java-smt-0.60\src\org\sosy_lab\solver\mathsat5\Mathsat5NativeApi.java,Mathsat5NativeApi.java,java-smt,java-smt-0.60,06/11/2016
,CS185,UnusedDeclaration,,msat_term_get_type,Mathsat5NativeApi,org.sosy_lab.solver.mathsat5,java-smt-0.60\src\org\sosy_lab\solver\mathsat5\Mathsat5NativeApi.java,Mathsat5NativeApi.java,java-smt,java-smt-0.60,06/11/2016
,CS186,UnusedDeclaration,,msat_term_repr,Mathsat5NativeApi,org.sosy_lab.solver.mathsat5,java-smt-0.60\src\org\sosy_lab\solver\mathsat5\Mathsat5NativeApi.java,Mathsat5NativeApi.java,java-smt,java-smt-0.60,06/11/2016
,CS187,UnusedDeclaration,,msat_get_interpolant,Mathsat5NativeApi,org.sosy_lab.solver.mathsat5,java-smt-0.60\src\org\sosy_lab\solver\mathsat5\Mathsat5NativeApi.java,Mathsat5NativeApi.java,java-smt,java-smt-0.60,06/11/2016
,CS188,UnusedDeclaration,,msat_destroy_model_iterator,Mathsat5NativeApi,org.sosy_lab.solver.mathsat5,java-smt-0.60\src\org\sosy_lab\solver\mathsat5\Mathsat5NativeApi.java,Mathsat5NativeApi.java,java-smt,java-smt-0.60,06/11/2016
,CS189,UnusedDeclaration,,msat_make_fp_abs,Mathsat5NativeApi,org.sosy_lab.solver.mathsat5,java-smt-0.60\src\org\sosy_lab\solver\mathsat5\Mathsat5NativeApi.java,Mathsat5NativeApi.java,java-smt,java-smt-0.60,06/11/2016
,CS190,UnusedDeclaration,,msat_objective_get_type,Mathsat5NativeApi,org.sosy_lab.solver.mathsat5,java-smt-0.60\src\org\sosy_lab\solver\mathsat5\Mathsat5NativeApi.java,Mathsat5NativeApi.java,java-smt,java-smt-0.60,06/11/2016
,CS191,UnusedDeclaration,,msat_get_integer_type,Mathsat5NativeApi,org.sosy_lab.solver.mathsat5,java-smt-0.60\src\org\sosy_lab\solver\mathsat5\Mathsat5NativeApi.java,Mathsat5NativeApi.java,java-smt,java-smt-0.60,06/11/2016
,CS192,UnusedDeclaration,,msat_make_fp_roundingmode_plus_inf,Mathsat5NativeApi,org.sosy_lab.solver.mathsat5,java-smt-0.60\src\org\sosy_lab\solver\mathsat5\Mathsat5NativeApi.java,Mathsat5NativeApi.java,java-smt,java-smt-0.60,06/11/2016
,CS193,UnusedDeclaration,,msat_make_bv_sdiv,Mathsat5NativeApi,org.sosy_lab.solver.mathsat5,java-smt-0.60\src\org\sosy_lab\solver\mathsat5\Mathsat5NativeApi.java,Mathsat5NativeApi.java,java-smt,java-smt-0.60,06/11/2016
,CS194,UnusedDeclaration,,msat_solve,Mathsat5NativeApi,org.sosy_lab.solver.mathsat5,java-smt-0.60\src\org\sosy_lab\solver\mathsat5\Mathsat5NativeApi.java,Mathsat5NativeApi.java,java-smt,java-smt-0.60,06/11/2016
,CS195,UnusedDeclaration,,msat_term_is_bv_concat,Mathsat5NativeApi,org.sosy_lab.solver.mathsat5,java-smt-0.60\src\org\sosy_lab\solver\mathsat5\Mathsat5NativeApi.java,Mathsat5NativeApi.java,java-smt,java-smt-0.60,06/11/2016
,CS196,UnusedDeclaration,,msat_assert_formula,Mathsat5NativeApi,org.sosy_lab.solver.mathsat5,java-smt-0.60\src\org\sosy_lab\solver\mathsat5\Mathsat5NativeApi.java,Mathsat5NativeApi.java,java-smt,java-smt-0.60,06/11/2016
,CS197,UnusedDeclaration,,msat_make_fp_times,Mathsat5NativeApi,org.sosy_lab.solver.mathsat5,java-smt-0.60\src\org\sosy_lab\solver\mathsat5\Mathsat5NativeApi.java,Mathsat5NativeApi.java,java-smt,java-smt-0.60,06/11/2016
,CS198,UnusedDeclaration,,msat_make_fp_plus_inf,Mathsat5NativeApi,org.sosy_lab.solver.mathsat5,java-smt-0.60\src\org\sosy_lab\solver\mathsat5\Mathsat5NativeApi.java,Mathsat5NativeApi.java,java-smt,java-smt-0.60,06/11/2016
,CS199,UnusedDeclaration,,msat_is_rational_type,Mathsat5NativeApi,org.sosy_lab.solver.mathsat5,java-smt-0.60\src\org\sosy_lab\solver\mathsat5\Mathsat5NativeApi.java,Mathsat5NativeApi.java,java-smt,java-smt-0.60,06/11/2016
,CS200,UnusedDeclaration,,msat_make_number,Mathsat5NativeApi,org.sosy_lab.solver.mathsat5,java-smt-0.60\src\org\sosy_lab\solver\mathsat5\Mathsat5NativeApi.java,Mathsat5NativeApi.java,java-smt,java-smt-0.60,06/11/2016
,CS201,UnusedDeclaration,,msat_make_bv_minus,Mathsat5NativeApi,org.sosy_lab.solver.mathsat5,java-smt-0.60\src\org\sosy_lab\solver\mathsat5\Mathsat5NativeApi.java,Mathsat5NativeApi.java,java-smt,java-smt-0.60,06/11/2016
,CS202,UnusedDeclaration,,msat_make_bv_times,Mathsat5NativeApi,org.sosy_lab.solver.mathsat5,java-smt-0.60\src\org\sosy_lab\solver\mathsat5\Mathsat5NativeApi.java,Mathsat5NativeApi.java,java-smt,java-smt-0.60,06/11/2016
,CS203,UnusedDeclaration,,msat_term_is_floor,Mathsat5NativeApi,org.sosy_lab.solver.mathsat5,java-smt-0.60\src\org\sosy_lab\solver\mathsat5\Mathsat5NativeApi.java,Mathsat5NativeApi.java,java-smt,java-smt-0.60,06/11/2016
,CS204,UnusedDeclaration,,msat_from_smtlib2,Mathsat5NativeApi,org.sosy_lab.solver.mathsat5,java-smt-0.60\src\org\sosy_lab\solver\mathsat5\Mathsat5NativeApi.java,Mathsat5NativeApi.java,java-smt,java-smt-0.60,06/11/2016
,CS205,UnusedDeclaration,,msat_get_model,Mathsat5NativeApi,org.sosy_lab.solver.mathsat5,java-smt-0.60\src\org\sosy_lab\solver\mathsat5\Mathsat5NativeApi.java,Mathsat5NativeApi.java,java-smt,java-smt-0.60,06/11/2016
,CS206,UnusedDeclaration,,msat_make_fp_min,Mathsat5NativeApi,org.sosy_lab.solver.mathsat5,java-smt-0.60\src\org\sosy_lab\solver\mathsat5\Mathsat5NativeApi.java,Mathsat5NativeApi.java,java-smt,java-smt-0.60,06/11/2016
,CS207,UnusedDeclaration,,msat_make_term,Mathsat5NativeApi,org.sosy_lab.solver.mathsat5,java-smt-0.60\src\org\sosy_lab\solver\mathsat5\Mathsat5NativeApi.java,Mathsat5NativeApi.java,java-smt,java-smt-0.60,06/11/2016
,CS208,UnusedDeclaration,,msat_term_is_int_from_ubv,Mathsat5NativeApi,org.sosy_lab.solver.mathsat5,java-smt-0.60\src\org\sosy_lab\solver\mathsat5\Mathsat5NativeApi.java,Mathsat5NativeApi.java,java-smt,java-smt-0.60,06/11/2016
,CS209,UnusedDeclaration,,msat_make_array_const,Mathsat5NativeApi,org.sosy_lab.solver.mathsat5,java-smt-0.60\src\org\sosy_lab\solver\mathsat5\Mathsat5NativeApi.java,Mathsat5NativeApi.java,java-smt,java-smt-0.60,06/11/2016
,CS210,UnusedDeclaration,,msat_push_maximize,Mathsat5NativeApi,org.sosy_lab.solver.mathsat5,java-smt-0.60\src\org\sosy_lab\solver\mathsat5\Mathsat5NativeApi.java,Mathsat5NativeApi.java,java-smt,java-smt-0.60,06/11/2016
,CS211,UnusedDeclaration,,msat_get_array_index_type,Mathsat5NativeApi,org.sosy_lab.solver.mathsat5,java-smt-0.60\src\org\sosy_lab\solver\mathsat5\Mathsat5NativeApi.java,Mathsat5NativeApi.java,java-smt,java-smt-0.60,06/11/2016
,CS212,UnusedDeclaration,,msat_make_times,Mathsat5NativeApi,org.sosy_lab.solver.mathsat5,java-smt-0.60\src\org\sosy_lab\solver\mathsat5\Mathsat5NativeApi.java,Mathsat5NativeApi.java,java-smt,java-smt-0.60,06/11/2016
,CS213,UnusedDeclaration,,msat_term_is_bv_udiv,Mathsat5NativeApi,org.sosy_lab.solver.mathsat5,java-smt-0.60\src\org\sosy_lab\solver\mathsat5\Mathsat5NativeApi.java,Mathsat5NativeApi.java,java-smt,java-smt-0.60,06/11/2016
,CS214,UnusedDeclaration,,msat_term_is_bv_and,Mathsat5NativeApi,org.sosy_lab.solver.mathsat5,java-smt-0.60\src\org\sosy_lab\solver\mathsat5\Mathsat5NativeApi.java,Mathsat5NativeApi.java,java-smt,java-smt-0.60,06/11/2016
,CS215,UnusedDeclaration,,msat_term_is_bv_xor,Mathsat5NativeApi,org.sosy_lab.solver.mathsat5,java-smt-0.60\src\org\sosy_lab\solver\mathsat5\Mathsat5NativeApi.java,Mathsat5NativeApi.java,java-smt,java-smt-0.60,06/11/2016
,CS216,UnusedDeclaration,,msat_objective_get_search_stats,Mathsat5NativeApi,org.sosy_lab.solver.mathsat5,java-smt-0.60\src\org\sosy_lab\solver\mathsat5\Mathsat5NativeApi.java,Mathsat5NativeApi.java,java-smt,java-smt-0.60,06/11/2016
,CS217,UnusedDeclaration,,msat_objective_value_is_plus_inf,Mathsat5NativeApi,org.sosy_lab.solver.mathsat5,java-smt-0.60\src\org\sosy_lab\solver\mathsat5\Mathsat5NativeApi.java,Mathsat5NativeApi.java,java-smt,java-smt-0.60,06/11/2016
,CS218,UnusedDeclaration,,msat_make_int_from_sbv,Mathsat5NativeApi,org.sosy_lab.solver.mathsat5,java-smt-0.60\src\org\sosy_lab\solver\mathsat5\Mathsat5NativeApi.java,Mathsat5NativeApi.java,java-smt,java-smt-0.60,06/11/2016
,CS219,UnusedDeclaration,,msat_term_is_array_read,Mathsat5NativeApi,org.sosy_lab.solver.mathsat5,java-smt-0.60\src\org\sosy_lab\solver\mathsat5\Mathsat5NativeApi.java,Mathsat5NativeApi.java,java-smt,java-smt-0.60,06/11/2016
,CS220,UnusedDeclaration,,msat_to_smtlib2_term,Mathsat5NativeApi,org.sosy_lab.solver.mathsat5,java-smt-0.60\src\org\sosy_lab\solver\mathsat5\Mathsat5NativeApi.java,Mathsat5NativeApi.java,java-smt,java-smt-0.60,06/11/2016
,CS221,UnusedDeclaration,,msat_all_sat,Mathsat5NativeApi,org.sosy_lab.solver.mathsat5,java-smt-0.60\src\org\sosy_lab\solver\mathsat5\Mathsat5NativeApi.java,Mathsat5NativeApi.java,java-smt,java-smt-0.60,06/11/2016
,CS222,UnusedDeclaration,,msat_term_is_equal,Mathsat5NativeApi,org.sosy_lab.solver.mathsat5,java-smt-0.60\src\org\sosy_lab\solver\mathsat5\Mathsat5NativeApi.java,Mathsat5NativeApi.java,java-smt,java-smt-0.60,06/11/2016
,CS223,UnusedDeclaration,,msat_make_fp_div,Mathsat5NativeApi,org.sosy_lab.solver.mathsat5,java-smt-0.60\src\org\sosy_lab\solver\mathsat5\Mathsat5NativeApi.java,Mathsat5NativeApi.java,java-smt,java-smt-0.60,06/11/2016
,CS224,UnusedDeclaration,,msat_get_model_value,Mathsat5NativeApi,org.sosy_lab.solver.mathsat5,java-smt-0.60\src\org\sosy_lab\solver\mathsat5\Mathsat5NativeApi.java,Mathsat5NativeApi.java,java-smt,java-smt-0.60,06/11/2016
,CS225,UnusedDeclaration,,msat_get_simple_type,Mathsat5NativeApi,org.sosy_lab.solver.mathsat5,java-smt-0.60\src\org\sosy_lab\solver\mathsat5\Mathsat5NativeApi.java,Mathsat5NativeApi.java,java-smt,java-smt-0.60,06/11/2016
,CS226,UnusedDeclaration,,msat_make_bv_neg,Mathsat5NativeApi,org.sosy_lab.solver.mathsat5,java-smt-0.60\src\org\sosy_lab\solver\mathsat5\Mathsat5NativeApi.java,Mathsat5NativeApi.java,java-smt,java-smt-0.60,06/11/2016
,CS227,UnusedDeclaration,,msat_last_error_message,Mathsat5NativeApi,org.sosy_lab.solver.mathsat5,java-smt-0.60\src\org\sosy_lab\solver\mathsat5\Mathsat5NativeApi.java,Mathsat5NativeApi.java,java-smt,java-smt-0.60,06/11/2016
,CS228,UnusedDeclaration,,msat_make_fp_rat_number,Mathsat5NativeApi,org.sosy_lab.solver.mathsat5,java-smt-0.60\src\org\sosy_lab\solver\mathsat5\Mathsat5NativeApi.java,Mathsat5NativeApi.java,java-smt,java-smt-0.60,06/11/2016
,CS229,UnusedDeclaration,,msat_from_string,Mathsat5NativeApi,org.sosy_lab.solver.mathsat5,java-smt-0.60\src\org\sosy_lab\solver\mathsat5\Mathsat5NativeApi.java,Mathsat5NativeApi.java,java-smt,java-smt-0.60,06/11/2016
,CS230,UnusedDeclaration,,msat_make_array_read,Mathsat5NativeApi,org.sosy_lab.solver.mathsat5,java-smt-0.60\src\org\sosy_lab\solver\mathsat5\Mathsat5NativeApi.java,Mathsat5NativeApi.java,java-smt,java-smt-0.60,06/11/2016
,CS231,UnusedDeclaration,,msat_term_is_bv_or,Mathsat5NativeApi,org.sosy_lab.solver.mathsat5,java-smt-0.60\src\org\sosy_lab\solver\mathsat5\Mathsat5NativeApi.java,Mathsat5NativeApi.java,java-smt,java-smt-0.60,06/11/2016
,CS232,UnusedDeclaration,,msat_make_bv_lshl,Mathsat5NativeApi,org.sosy_lab.solver.mathsat5,java-smt-0.60\src\org\sosy_lab\solver\mathsat5\Mathsat5NativeApi.java,Mathsat5NativeApi.java,java-smt,java-smt-0.60,06/11/2016
,CS233,UnusedDeclaration,,msat_objective_value_term,Mathsat5NativeApi,org.sosy_lab.solver.mathsat5,java-smt-0.60\src\org\sosy_lab\solver\mathsat5\Mathsat5NativeApi.java,Mathsat5NativeApi.java,java-smt,java-smt-0.60,06/11/2016
,CS234,UnusedDeclaration,,msat_term_is_iff,Mathsat5NativeApi,org.sosy_lab.solver.mathsat5,java-smt-0.60\src\org\sosy_lab\solver\mathsat5\Mathsat5NativeApi.java,Mathsat5NativeApi.java,java-smt,java-smt-0.60,06/11/2016
,CS235,UnusedDeclaration,,msat_destroy_model,Mathsat5NativeApi,org.sosy_lab.solver.mathsat5,java-smt-0.60\src\org\sosy_lab\solver\mathsat5\Mathsat5NativeApi.java,Mathsat5NativeApi.java,java-smt,java-smt-0.60,06/11/2016
,CS236,UnusedDeclaration,,msat_make_fp_from_ubv,Mathsat5NativeApi,org.sosy_lab.solver.mathsat5,java-smt-0.60\src\org\sosy_lab\solver\mathsat5\Mathsat5NativeApi.java,Mathsat5NativeApi.java,java-smt,java-smt-0.60,06/11/2016
,CS237,NotUsingRelativePath,z3,create,Z3SolverContext,org.sosy_lab.solver.z3,java-smt-0.60\src\org\sosy_lab\solver\z3\Z3SolverContext.java,Z3SolverContext.java,java-smt,java-smt-0.60,06/11/2016
,CS238,NotUsingRelativePath,libz3java,create,Z3SolverContext,org.sosy_lab.solver.z3,java-smt-0.60\src\org\sosy_lab\solver\z3\Z3SolverContext.java,Z3SolverContext.java,java-smt,java-smt-0.60,06/11/2016
,CS239,NotUsingRelativePath,z3java,create,Z3SolverContext,org.sosy_lab.solver.z3,java-smt-0.60\src\org\sosy_lab\solver\z3\Z3SolverContext.java,Z3SolverContext.java,java-smt,java-smt-0.60,06/11/2016
,CS240,NotUsingRelativePath,libz3,create,Z3SolverContext,org.sosy_lab.solver.z3,java-smt-0.60\src\org\sosy_lab\solver\z3\Z3SolverContext.java,Z3SolverContext.java,java-smt,java-smt-0.60,06/11/2016
,CS241,UnusedParameters,boundVariables,visitQuantifier,DefaultFormulaVisitor<R>,org.sosy_lab.solver.visitors,java-smt-0.60\src\org\sosy_lab\solver\visitors\DefaultFormulaVisitor.java,DefaultFormulaVisitor.java,java-smt,java-smt-0.60,06/11/2016
,CS242,UnusedParameters,pPredicates,checkAllsat,FormulaCollectionScript,org.sosy_lab.solver.smtinterpol,java-smt-0.60\src\org\sosy_lab\solver\smtinterpol\FormulaCollectionScript.java,FormulaCollectionScript.java,java-smt,java-smt-0.60,06/11/2016
,CS243,UnusedParameters,pElseFormula,visitIfThenElse,DefaultBooleanFormulaVisitor<R>,org.sosy_lab.solver.visitors,java-smt-0.60\src\org\sosy_lab\solver\visitors\DefaultBooleanFormulaVisitor.java,DefaultBooleanFormulaVisitor.java,java-smt,java-smt-0.60,06/11/2016
,CS244,UnusedParameters,pIndexType,getArrayType,PrincessFormulaCreator,org.sosy_lab.solver.princess,java-smt-0.60\src\org\sosy_lab\solver\princess\PrincessFormulaCreator.java,PrincessFormulaCreator.java,java-smt,java-smt-0.60,06/11/2016
,CS245,UnusedParameters,value,visitConstant,DefaultFormulaVisitor<R>,org.sosy_lab.solver.visitors,java-smt-0.60\src\org\sosy_lab\solver\visitors\DefaultFormulaVisitor.java,DefaultFormulaVisitor.java,java-smt,java-smt-0.60,06/11/2016
,CS246,UnusedParameters,term,simplify,FormulaCollectionScript,org.sosy_lab.solver.smtinterpol,java-smt-0.60\src\org\sosy_lab\solver\smtinterpol\FormulaCollectionScript.java,FormulaCollectionScript.java,java-smt,java-smt-0.60,06/11/2016
,CS247,UnusedParameters,decl,visitAtom,DefaultBooleanFormulaVisitor<R>,org.sosy_lab.solver.visitors,java-smt-0.60\src\org\sosy_lab\solver\visitors\DefaultBooleanFormulaVisitor.java,DefaultBooleanFormulaVisitor.java,java-smt,java-smt-0.60,06/11/2016
,CS248,UnusedParameters,startOfSubtree,getInterpolants,FormulaCollectionScript,org.sosy_lab.solver.smtinterpol,java-smt-0.60\src\org\sosy_lab\solver\smtinterpol\FormulaCollectionScript.java,FormulaCollectionScript.java,java-smt,java-smt-0.60,06/11/2016
,CS249,UnusedParameters,env,makeApp,PrincessFunctionDeclaration,org.sosy_lab.solver.princess,java-smt-0.60\src\org\sosy_lab\solver\princess\PrincessFunctionDeclaration.java,PrincessFunctionDeclaration.java,java-smt,java-smt-0.60,06/11/2016
,CS250,UnusedParameters,quantifiedAST,visitQuantifier,BooleanFormulaTransformationVisitor,org.sosy_lab.solver.visitors,java-smt-0.60\src\org\sosy_lab\solver\visitors\BooleanFormulaTransformationVisitor.java,BooleanFormulaTransformationVisitor.java,java-smt,java-smt-0.60,06/11/2016
,CS251,UnusedParameters,value,visitConstant,DefaultBooleanFormulaVisitor<R>,org.sosy_lab.solver.visitors,java-smt-0.60\src\org\sosy_lab\solver\visitors\DefaultBooleanFormulaVisitor.java,DefaultBooleanFormulaVisitor.java,java-smt,java-smt-0.60,06/11/2016
,CS252,UnusedParameters,f,visitFunction,FormulaTransformationVisitor,org.sosy_lab.solver.visitors,java-smt-0.60\src\org\sosy_lab\solver\visitors\FormulaTransformationVisitor.java,FormulaTransformationVisitor.java,java-smt,java-smt-0.60,06/11/2016
,CS253,UnusedParameters,levels,pop,FormulaCollectionScript,org.sosy_lab.solver.smtinterpol,java-smt-0.60\src\org\sosy_lab\solver\smtinterpol\FormulaCollectionScript.java,FormulaCollectionScript.java,java-smt,java-smt-0.60,06/11/2016
,CS254,UnusedParameters,pY,findImpliedEquality,FormulaCollectionScript,org.sosy_lab.solver.smtinterpol,java-smt-0.60\src\org\sosy_lab\solver\smtinterpol\FormulaCollectionScript.java,FormulaCollectionScript.java,java-smt,java-smt-0.60,06/11/2016
,CS255,UnusedParameters,pOperands,visitAnd,DefaultBooleanFormulaVisitor<R>,org.sosy_lab.solver.visitors,java-smt-0.60\src\org\sosy_lab\solver\visitors\DefaultBooleanFormulaVisitor.java,DefaultBooleanFormulaVisitor.java,java-smt,java-smt-0.60,06/11/2016
,CS256,UnusedParameters,pX,findImpliedEquality,FormulaCollectionScript,org.sosy_lab.solver.smtinterpol,java-smt-0.60\src\org\sosy_lab\solver\smtinterpol\FormulaCollectionScript.java,FormulaCollectionScript.java,java-smt,java-smt-0.60,06/11/2016
,CS257,UnusedParameters,type,getFloatingPointType,SmtInterpolFormulaCreator,org.sosy_lab.solver.smtinterpol,java-smt-0.60\src\org\sosy_lab\solver\smtinterpol\SmtInterpolFormulaCreator.java,SmtInterpolFormulaCreator.java,java-smt,java-smt-0.60,06/11/2016
,CS258,UnusedParameters,pNumber2,modularCongruence,Z3BitvectorFormulaManager,org.sosy_lab.solver.z3,java-smt-0.60\src\org\sosy_lab\solver\z3\Z3BitvectorFormulaManager.java,Z3BitvectorFormulaManager.java,java-smt,java-smt-0.60,06/11/2016
,CS259,UnusedParameters,pNumber1,modularCongruence,Z3BitvectorFormulaManager,org.sosy_lab.solver.z3,java-smt-0.60\src\org\sosy_lab\solver\z3\Z3BitvectorFormulaManager.java,Z3BitvectorFormulaManager.java,java-smt,java-smt-0.60,06/11/2016
,CS260,UnusedParameters,operand1,visitXor,DefaultBooleanFormulaVisitor<R>,org.sosy_lab.solver.visitors,java-smt-0.60\src\org\sosy_lab\solver\visitors\DefaultBooleanFormulaVisitor.java,DefaultBooleanFormulaVisitor.java,java-smt,java-smt-0.60,06/11/2016
,CS261,UnusedParameters,operand2,visitXor,DefaultBooleanFormulaVisitor<R>,org.sosy_lab.solver.visitors,java-smt-0.60\src\org\sosy_lab\solver\visitors\DefaultBooleanFormulaVisitor.java,DefaultBooleanFormulaVisitor.java,java-smt,java-smt-0.60,06/11/2016
,CS262,UnusedParameters,pAtom,visitAtom,DefaultBooleanFormulaVisitor<R>,org.sosy_lab.solver.visitors,java-smt-0.60\src\org\sosy_lab\solver\visitors\DefaultBooleanFormulaVisitor.java,DefaultBooleanFormulaVisitor.java,java-smt,java-smt-0.60,06/11/2016
,CS263,UnusedParameters,operand1,visitXor,SolverTacticsTest,org.sosy_lab.solver.test,java-smt-0.60\src\org\sosy_lab\solver\test\SolverTacticsTest.java,SolverTacticsTest.java,java-smt,java-smt-0.60,06/11/2016
,CS264,UnusedParameters,operand2,visitXor,SolverTacticsTest,org.sosy_lab.solver.test,java-smt-0.60\src\org\sosy_lab\solver\test\SolverTacticsTest.java,SolverTacticsTest.java,java-smt,java-smt-0.60,06/11/2016
,CS265,UnusedParameters,pBitwidth,getBitvectorType,SmtInterpolFormulaCreator,org.sosy_lab.solver.smtinterpol,java-smt-0.60\src\org\sosy_lab\solver\smtinterpol\SmtInterpolFormulaCreator.java,SmtInterpolFormulaCreator.java,java-smt,java-smt-0.60,06/11/2016
,CS266,UnusedParameters,type,getFloatingPointType,PrincessFormulaCreator,org.sosy_lab.solver.princess,java-smt-0.60\src\org\sosy_lab\solver\princess\PrincessFormulaCreator.java,PrincessFormulaCreator.java,java-smt,java-smt-0.60,06/11/2016
,CS267,UnusedParameters,functionDeclaration,visitFunction,DefaultFormulaVisitor<R>,org.sosy_lab.solver.visitors,java-smt-0.60\src\org\sosy_lab\solver\visitors\DefaultFormulaVisitor.java,DefaultFormulaVisitor.java,java-smt,java-smt-0.60,06/11/2016
,CS268,UnusedParameters,pF,applyCNFImpl,AbstractFormulaManager<TFormulaInfo,org.sosy_lab.solver.basicimpl,java-smt-0.60\src\org\sosy_lab\solver\basicimpl\AbstractFormulaManager.java,AbstractFormulaManager.java,java-smt,java-smt-0.60,06/11/2016
,CS269,UnusedParameters,q,visitQuantifier,DefaultFormulaVisitor<R>,org.sosy_lab.solver.visitors,java-smt-0.60\src\org\sosy_lab\solver\visitors\DefaultFormulaVisitor.java,DefaultFormulaVisitor.java,java-smt,java-smt-0.60,06/11/2016
,CS270,UnusedParameters,deBruijnIdx,visitBoundVariable,FormulaTransformationVisitor,org.sosy_lab.solver.visitors,java-smt-0.60\src\org\sosy_lab\solver\visitors\FormulaTransformationVisitor.java,FormulaTransformationVisitor.java,java-smt,java-smt-0.60,06/11/2016
,CS271,UnusedParameters,partition,getInterpolants,FormulaCollectionScript,org.sosy_lab.solver.smtinterpol,java-smt-0.60\src\org\sosy_lab\solver\smtinterpol\FormulaCollectionScript.java,FormulaCollectionScript.java,java-smt,java-smt-0.60,06/11/2016
,CS272,UnusedParameters,value,visitConstant,SolverTacticsTest,org.sosy_lab.solver.test,java-smt-0.60\src\org\sosy_lab\solver\test\SolverTacticsTest.java,SolverTacticsTest.java,java-smt,java-smt-0.60,06/11/2016
,CS273,UnusedParameters,quantifier,visitQuantifier,DefaultBooleanFormulaVisitor<R>,org.sosy_lab.solver.visitors,java-smt-0.60\src\org\sosy_lab\solver\visitors\DefaultBooleanFormulaVisitor.java,DefaultBooleanFormulaVisitor.java,java-smt,java-smt-0.60,06/11/2016
,CS274,UnusedParameters,name,visitFreeVariable,DefaultFormulaVisitor<R>,org.sosy_lab.solver.visitors,java-smt-0.60\src\org\sosy_lab\solver\visitors\DefaultFormulaVisitor.java,DefaultFormulaVisitor.java,java-smt,java-smt-0.60,06/11/2016
,CS275,UnusedParameters,pMsg,echo,FormulaCollectionScript,org.sosy_lab.solver.smtinterpol,java-smt-0.60\src\org\sosy_lab\solver\smtinterpol\FormulaCollectionScript.java,FormulaCollectionScript.java,java-smt,java-smt-0.60,06/11/2016
,CS276,UnusedParameters,startOfSubTree,getTreeInterpolants,Mathsat5InterpolatingProver,org.sosy_lab.solver.mathsat5,java-smt-0.60\src\org\sosy_lab\solver\mathsat5\Mathsat5InterpolatingProver.java,Mathsat5InterpolatingProver.java,java-smt,java-smt-0.60,06/11/2016
,CS277,UnusedParameters,f,visitDefault,ExpectedFormulaVisitor<R>,org.sosy_lab.solver.visitors,java-smt-0.60\src\org\sosy_lab\solver\visitors\ExpectedFormulaVisitor.java,ExpectedFormulaVisitor.java,java-smt,java-smt-0.60,06/11/2016
,CS278,UnusedParameters,partitionedFormulas,getTreeInterpolants,Mathsat5InterpolatingProver,org.sosy_lab.solver.mathsat5,java-smt-0.60\src\org\sosy_lab\solver\mathsat5\Mathsat5InterpolatingProver.java,Mathsat5InterpolatingProver.java,java-smt,java-smt-0.60,06/11/2016
,CS279,UnusedParameters,pNumber1,modularCongruence,Mathsat5RationalFormulaManager,org.sosy_lab.solver.mathsat5,java-smt-0.60\src\org\sosy_lab\solver\mathsat5\Mathsat5RationalFormulaManager.java,Mathsat5RationalFormulaManager.java,java-smt,java-smt-0.60,06/11/2016
,CS280,UnusedParameters,pNumber2,modularCongruence,Mathsat5RationalFormulaManager,org.sosy_lab.solver.mathsat5,java-smt-0.60\src\org\sosy_lab\solver\mathsat5\Mathsat5RationalFormulaManager.java,Mathsat5RationalFormulaManager.java,java-smt,java-smt-0.60,06/11/2016
,CS281,UnusedParameters,f,visitQuantifier,FormulaTransformationVisitor,org.sosy_lab.solver.visitors,java-smt-0.60\src\org\sosy_lab\solver\visitors\FormulaTransformationVisitor.java,FormulaTransformationVisitor.java,java-smt,java-smt-0.60,06/11/2016
,CS282,UnusedParameters,epsilon,upper,Mathsat5OptimizationProver,org.sosy_lab.solver.mathsat5,java-smt-0.60\src\org\sosy_lab\solver\mathsat5\Mathsat5OptimizationProver.java,Mathsat5OptimizationProver.java,java-smt,java-smt-0.60,06/11/2016
,CS283,UnusedParameters,boundVars,visitQuantifier,DefaultBooleanFormulaVisitor<R>,org.sosy_lab.solver.visitors,java-smt-0.60\src\org\sosy_lab\solver\visitors\DefaultBooleanFormulaVisitor.java,DefaultBooleanFormulaVisitor.java,java-smt,java-smt-0.60,06/11/2016
,CS284,UnusedParameters,quantifierAST,visitQuantifier,SolverTacticsTest,org.sosy_lab.solver.test,java-smt-0.60\src\org\sosy_lab\solver\test\SolverTacticsTest.java,SolverTacticsTest.java,java-smt,java-smt-0.60,06/11/2016
,CS285,UnusedParameters,value,setOption,FormulaCollectionScript,org.sosy_lab.solver.smtinterpol,java-smt-0.60\src\org\sosy_lab\solver\smtinterpol\FormulaCollectionScript.java,FormulaCollectionScript.java,java-smt,java-smt-0.60,06/11/2016
,CS286,UnusedParameters,pNumber1,modularCongruence,Mathsat5BitvectorFormulaManager,org.sosy_lab.solver.mathsat5,java-smt-0.60\src\org\sosy_lab\solver\mathsat5\Mathsat5BitvectorFormulaManager.java,Mathsat5BitvectorFormulaManager.java,java-smt,java-smt-0.60,06/11/2016
,CS287,UnusedParameters,pNumber2,modularCongruence,Mathsat5BitvectorFormulaManager,org.sosy_lab.solver.mathsat5,java-smt-0.60\src\org\sosy_lab\solver\mathsat5\Mathsat5BitvectorFormulaManager.java,Mathsat5BitvectorFormulaManager.java,java-smt,java-smt-0.60,06/11/2016
,CS288,UnusedParameters,deBruijnIdx,visitBoundVariable,FormulaTransformationVisitorImpl,org.sosy_lab.solver.basicimpl,java-smt-0.60\src\org\sosy_lab\solver\basicimpl\FormulaTransformationVisitorImpl.java,FormulaTransformationVisitorImpl.java,java-smt,java-smt-0.60,06/11/2016
,CS289,UnusedParameters,opt,setOption,FormulaCollectionScript,org.sosy_lab.solver.smtinterpol,java-smt-0.60\src\org\sosy_lab\solver\smtinterpol\FormulaCollectionScript.java,FormulaCollectionScript.java,java-smt,java-smt-0.60,06/11/2016
,CS290,UnusedParameters,opt,getOption,FormulaCollectionScript,org.sosy_lab.solver.smtinterpol,java-smt-0.60\src\org\sosy_lab\solver\smtinterpol\FormulaCollectionScript.java,FormulaCollectionScript.java,java-smt,java-smt-0.60,06/11/2016
,CS291,UnusedParameters,partitionedFormulas,getTreeInterpolants,PrincessInterpolatingProver,org.sosy_lab.solver.princess,java-smt-0.60\src\org\sosy_lab\solver\princess\PrincessInterpolatingProver.java,PrincessInterpolatingProver.java,java-smt,java-smt-0.60,06/11/2016
,CS292,UnusedParameters,pSigned,extract,Mathsat5BitvectorFormulaManager,org.sosy_lab.solver.mathsat5,java-smt-0.60\src\org\sosy_lab\solver\mathsat5\Mathsat5BitvectorFormulaManager.java,Mathsat5BitvectorFormulaManager.java,java-smt,java-smt-0.60,06/11/2016
,CS293,UnusedParameters,epsilon,lower,Mathsat5OptimizationProver,org.sosy_lab.solver.mathsat5,java-smt-0.60\src\org\sosy_lab\solver\mathsat5\Mathsat5OptimizationProver.java,Mathsat5OptimizationProver.java,java-smt,java-smt-0.60,06/11/2016
,CS294,UnusedParameters,pModulo,modularCongruence,Z3NumeralFormulaManager<,org.sosy_lab.solver.basicimpl,java-smt-0.60\src\org\sosy_lab\solver\basicimpl\AbstractNumeralFormulaManager.java,AbstractNumeralFormulaManager.java,java-smt,java-smt-0.60,06/11/2016
,CS295,UnusedParameters,pParam1,modulo,AbstractNumeralFormulaManager<,org.sosy_lab.solver.basicimpl,java-smt-0.60\src\org\sosy_lab\solver\basicimpl\AbstractNumeralFormulaManager.java,AbstractNumeralFormulaManager.java,java-smt,java-smt-0.60,06/11/2016
,CS296,UnusedParameters,pParam2,multiply,AbstractNumeralFormulaManager<,org.sosy_lab.solver.basicimpl,java-smt-0.60\src\org\sosy_lab\solver\basicimpl\AbstractNumeralFormulaManager.java,AbstractNumeralFormulaManager.java,java-smt,java-smt-0.60,06/11/2016
,CS297,UnusedParameters,args,visitFunction,DefaultFormulaVisitor<R>,org.sosy_lab.solver.visitors,java-smt-0.60\src\org\sosy_lab\solver\visitors\DefaultFormulaVisitor.java,DefaultFormulaVisitor.java,java-smt,java-smt-0.60,06/11/2016
,CS298,UnusedParameters,pParam2,modulo,AbstractNumeralFormulaManager<,org.sosy_lab.solver.basicimpl,java-smt-0.60\src\org\sosy_lab\solver\basicimpl\AbstractNumeralFormulaManager.java,AbstractNumeralFormulaManager.java,java-smt,java-smt-0.60,06/11/2016
,CS299,UnusedParameters,pParam1,multiply,AbstractNumeralFormulaManager<,org.sosy_lab.solver.basicimpl,java-smt-0.60\src\org\sosy_lab\solver\basicimpl\AbstractNumeralFormulaManager.java,AbstractNumeralFormulaManager.java,java-smt,java-smt-0.60,06/11/2016
,CS300,UnusedParameters,partitionedFormulas,getSeqInterpolants,Mathsat5InterpolatingProver,org.sosy_lab.solver.mathsat5,java-smt-0.60\src\org\sosy_lab\solver\mathsat5\Mathsat5InterpolatingProver.java,Mathsat5InterpolatingProver.java,java-smt,java-smt-0.60,06/11/2016
,CS301,UnusedParameters,name,visitFreeVariable,FormulaTransformationVisitor,org.sosy_lab.solver.visitors,java-smt-0.60\src\org\sosy_lab\solver\visitors\FormulaTransformationVisitor.java,FormulaTransformationVisitor.java,java-smt,java-smt-0.60,06/11/2016
,CS302,UnusedParameters,deBruijnIdx,visitBoundVariable,DefaultFormulaVisitor<R>,org.sosy_lab.solver.visitors,java-smt-0.60\src\org\sosy_lab\solver\visitors\DefaultFormulaVisitor.java,DefaultFormulaVisitor.java,java-smt,java-smt-0.60,06/11/2016
,CS303,UnusedParameters,f,visitConstant,AbstractBooleanFormulaManager<TFormulaInfo,org.sosy_lab.solver.basicimpl,java-smt-0.60\src\org\sosy_lab\solver\basicimpl\AbstractBooleanFormulaManager.java,AbstractBooleanFormulaManager.java,java-smt,java-smt-0.60,06/11/2016
,CS304,UnusedParameters,deBruijnIdx,visitBoundVar,SolverTacticsTest,org.sosy_lab.solver.test,java-smt-0.60\src\org\sosy_lab\solver\test\SolverTacticsTest.java,SolverTacticsTest.java,java-smt,java-smt-0.60,06/11/2016
,CS305,UnusedParameters,deBruijnIdx,visitBoundVar,DefaultBooleanFormulaVisitor<R>,org.sosy_lab.solver.visitors,java-smt-0.60\src\org\sosy_lab\solver\visitors\DefaultBooleanFormulaVisitor.java,DefaultBooleanFormulaVisitor.java,java-smt,java-smt-0.60,06/11/2016
,CS306,UnusedParameters,var,visitBoundVar,SolverTacticsTest,org.sosy_lab.solver.test,java-smt-0.60\src\org\sosy_lab\solver\test\SolverTacticsTest.java,SolverTacticsTest.java,java-smt,java-smt-0.60,06/11/2016
,CS307,UnusedParameters,pAtom,visitAtom,SolverTacticsTest,org.sosy_lab.solver.test,java-smt-0.60\src\org\sosy_lab\solver\test\SolverTacticsTest.java,SolverTacticsTest.java,java-smt,java-smt-0.60,06/11/2016
,CS308,UnusedParameters,assumptions,unsatCoreOverAssumptions,Mathsat5TheoremProver,org.sosy_lab.solver.mathsat5,java-smt-0.60\src\org\sosy_lab\solver\mathsat5\Mathsat5TheoremProver.java,Mathsat5TheoremProver.java,java-smt,java-smt-0.60,06/11/2016
,CS309,UnusedParameters,var,visitBoundVar,DefaultBooleanFormulaVisitor<R>,org.sosy_lab.solver.visitors,java-smt-0.60\src\org\sosy_lab\solver\visitors\DefaultBooleanFormulaVisitor.java,DefaultBooleanFormulaVisitor.java,java-smt,java-smt-0.60,06/11/2016
,CS310,UnusedParameters,levels,push,FormulaCollectionScript,org.sosy_lab.solver.smtinterpol,java-smt-0.60\src\org\sosy_lab\solver\smtinterpol\FormulaCollectionScript.java,FormulaCollectionScript.java,java-smt,java-smt-0.60,06/11/2016
,CS311,UnusedParameters,decl,visitAtom,BooleanFormulaTransformationVisitor,org.sosy_lab.solver.visitors,java-smt-0.60\src\org\sosy_lab\solver\visitors\BooleanFormulaTransformationVisitor.java,BooleanFormulaTransformationVisitor.java,java-smt,java-smt-0.60,06/11/2016
,CS312,UnusedParameters,pCondition,visitIfThenElse,DefaultBooleanFormulaVisitor<R>,org.sosy_lab.solver.visitors,java-smt-0.60\src\org\sosy_lab\solver\visitors\DefaultBooleanFormulaVisitor.java,DefaultBooleanFormulaVisitor.java,java-smt,java-smt-0.60,06/11/2016
,CS313,UnusedParameters,pModulo,modularCongruence,Z3BitvectorFormulaManager,org.sosy_lab.solver.z3,java-smt-0.60\src\org\sosy_lab\solver\z3\Z3BitvectorFormulaManager.java,Z3BitvectorFormulaManager.java,java-smt,java-smt-0.60,06/11/2016
,CS314,UnusedParameters,value,visitConstant,FormulaTransformationVisitor,org.sosy_lab.solver.visitors,java-smt-0.60\src\org\sosy_lab\solver\visitors\FormulaTransformationVisitor.java,FormulaTransformationVisitor.java,java-smt,java-smt-0.60,06/11/2016
,CS315,UnusedParameters,body,visitQuantifier,DefaultFormulaVisitor<R>,org.sosy_lab.solver.visitors,java-smt-0.60\src\org\sosy_lab\solver\visitors\DefaultFormulaVisitor.java,DefaultFormulaVisitor.java,java-smt,java-smt-0.60,06/11/2016
,CS316,UnusedParameters,quantifiedAST,visitQuantifier,DefaultBooleanFormulaVisitor<R>,org.sosy_lab.solver.visitors,java-smt-0.60\src\org\sosy_lab\solver\visitors\DefaultBooleanFormulaVisitor.java,DefaultBooleanFormulaVisitor.java,java-smt,java-smt-0.60,06/11/2016
,CS317,UnusedParameters,pOperand,visitNot,DefaultBooleanFormulaVisitor<R>,org.sosy_lab.solver.visitors,java-smt-0.60\src\org\sosy_lab\solver\visitors\DefaultBooleanFormulaVisitor.java,DefaultBooleanFormulaVisitor.java,java-smt,java-smt-0.60,06/11/2016
,CS318,UnusedParameters,pSigned,extract,Z3BitvectorFormulaManager,org.sosy_lab.solver.z3,java-smt-0.60\src\org\sosy_lab\solver\z3\Z3BitvectorFormulaManager.java,Z3BitvectorFormulaManager.java,java-smt,java-smt-0.60,06/11/2016
,CS319,UnusedParameters,decl,visitAtom,SolverTacticsTest,org.sosy_lab.solver.test,java-smt-0.60\src\org\sosy_lab\solver\test\SolverTacticsTest.java,SolverTacticsTest.java,java-smt,java-smt-0.60,06/11/2016
,CS320,UnusedParameters,startOfSubTree,getTreeInterpolants,PrincessInterpolatingProver,org.sosy_lab.solver.princess,java-smt-0.60\src\org\sosy_lab\solver\princess\PrincessInterpolatingProver.java,PrincessInterpolatingProver.java,java-smt,java-smt-0.60,06/11/2016
,CS321,UnusedParameters,terms,getValue,FormulaCollectionScript,org.sosy_lab.solver.smtinterpol,java-smt-0.60\src\org\sosy_lab\solver\smtinterpol\FormulaCollectionScript.java,FormulaCollectionScript.java,java-smt,java-smt-0.60,06/11/2016
,CS322,UnusedParameters,pThenFormula,visitIfThenElse,DefaultBooleanFormulaVisitor<R>,org.sosy_lab.solver.visitors,java-smt-0.60\src\org\sosy_lab\solver\visitors\DefaultBooleanFormulaVisitor.java,DefaultBooleanFormulaVisitor.java,java-smt,java-smt-0.60,06/11/2016
,CS323,UnusedParameters,pParam2,divide,AbstractNumeralFormulaManager<,org.sosy_lab.solver.basicimpl,java-smt-0.60\src\org\sosy_lab\solver\basicimpl\AbstractNumeralFormulaManager.java,AbstractNumeralFormulaManager.java,java-smt,java-smt-0.60,06/11/2016
,CS324,UnusedParameters,decl,visitAtom,NNFVisitor,org.sosy_lab.solver.basicimpl.tactics,java-smt-0.60\src\org\sosy_lab\solver\basicimpl\tactics\NNFVisitor.java,NNFVisitor.java,java-smt,java-smt-0.60,06/11/2016
,CS325,UnusedParameters,pParam1,divide,AbstractNumeralFormulaManager<,org.sosy_lab.solver.basicimpl,java-smt-0.60\src\org\sosy_lab\solver\basicimpl\AbstractNumeralFormulaManager.java,AbstractNumeralFormulaManager.java,java-smt,java-smt-0.60,06/11/2016
,CS326,UnusedParameters,quantifier,visitQuantifier,SolverTacticsTest,org.sosy_lab.solver.test,java-smt-0.60\src\org\sosy_lab\solver\test\SolverTacticsTest.java,SolverTacticsTest.java,java-smt,java-smt-0.60,06/11/2016
,CS327,UnusedParameters,body,visitQuantifier,DefaultBooleanFormulaVisitor<R>,org.sosy_lab.solver.visitors,java-smt-0.60\src\org\sosy_lab\solver\visitors\DefaultBooleanFormulaVisitor.java,DefaultBooleanFormulaVisitor.java,java-smt,java-smt-0.60,06/11/2016
,CS328,UnusedParameters,pOperand2,visitEquivalence,DefaultBooleanFormulaVisitor<R>,org.sosy_lab.solver.visitors,java-smt-0.60\src\org\sosy_lab\solver\visitors\DefaultBooleanFormulaVisitor.java,DefaultBooleanFormulaVisitor.java,java-smt,java-smt-0.60,06/11/2016
,CS329,UnusedParameters,pOperand1,visitEquivalence,DefaultBooleanFormulaVisitor<R>,org.sosy_lab.solver.visitors,java-smt-0.60\src\org\sosy_lab\solver\visitors\DefaultBooleanFormulaVisitor.java,DefaultBooleanFormulaVisitor.java,java-smt,java-smt-0.60,06/11/2016
,CS330,UnusedParameters,pModulo,modularCongruence,Mathsat5BitvectorFormulaManager,org.sosy_lab.solver.mathsat5,java-smt-0.60\src\org\sosy_lab\solver\mathsat5\Mathsat5BitvectorFormulaManager.java,Mathsat5BitvectorFormulaManager.java,java-smt,java-smt-0.60,06/11/2016
,CS331,UnusedParameters,pBitwidth,getBitvectorType,PrincessFormulaCreator,org.sosy_lab.solver.princess,java-smt-0.60\src\org\sosy_lab\solver\princess\PrincessFormulaCreator.java,PrincessFormulaCreator.java,java-smt,java-smt-0.60,06/11/2016
,CS332,UnusedParameters,info,getInfo,FormulaCollectionScript,org.sosy_lab.solver.smtinterpol,java-smt-0.60\src\org\sosy_lab\solver\smtinterpol\FormulaCollectionScript.java,FormulaCollectionScript.java,java-smt,java-smt-0.60,06/11/2016
,CS333,UnusedParameters,pNumber2,modularCongruence,Z3NumeralFormulaManager<,org.sosy_lab.solver.z3,java-smt-0.60\src\org\sosy_lab\solver\z3\Z3NumeralFormulaManager.java,Z3NumeralFormulaManager.java,java-smt,java-smt-0.60,06/11/2016
,CS334,UnusedParameters,pNumber1,modularCongruence,Z3NumeralFormulaManager<,org.sosy_lab.solver.z3,java-smt-0.60\src\org\sosy_lab\solver\z3\Z3NumeralFormulaManager.java,Z3NumeralFormulaManager.java,java-smt,java-smt-0.60,06/11/2016
,CS335,UnusedParameters,f,visitBoundVar,SolverTacticsTest,org.sosy_lab.solver.test,java-smt-0.60\src\org\sosy_lab\solver\test\SolverTacticsTest.java,SolverTacticsTest.java,java-smt,java-smt-0.60,06/11/2016
,CS336,UnusedParameters,pOperand1,visitImplication,DefaultBooleanFormulaVisitor<R>,org.sosy_lab.solver.visitors,java-smt-0.60\src\org\sosy_lab\solver\visitors\DefaultBooleanFormulaVisitor.java,DefaultBooleanFormulaVisitor.java,java-smt,java-smt-0.60,06/11/2016
,CS337,UnusedParameters,pOperand2,visitImplication,DefaultBooleanFormulaVisitor<R>,org.sosy_lab.solver.visitors,java-smt-0.60\src\org\sosy_lab\solver\visitors\DefaultBooleanFormulaVisitor.java,DefaultBooleanFormulaVisitor.java,java-smt,java-smt-0.60,06/11/2016
,CS338,UnusedParameters,boundVars,visitQuantifier,SolverTacticsTest,org.sosy_lab.solver.test,java-smt-0.60\src\org\sosy_lab\solver\test\SolverTacticsTest.java,SolverTacticsTest.java,java-smt,java-smt-0.60,06/11/2016
,CS339,UnusedParameters,deBruijnIdx,visitBoundVar,BooleanFormulaTransformationVisitor,org.sosy_lab.solver.visitors,java-smt-0.60\src\org\sosy_lab\solver\visitors\BooleanFormulaTransformationVisitor.java,BooleanFormulaTransformationVisitor.java,java-smt,java-smt-0.60,06/11/2016
,CS340,UnusedParameters,assumptions,unsatCoreOverAssumptions,PrincessTheoremProver,org.sosy_lab.solver.princess,java-smt-0.60\src\org\sosy_lab\solver\princess\PrincessTheoremProver.java,PrincessTheoremProver.java,java-smt,java-smt-0.60,06/11/2016
,CS341,UnusedParameters,pOperands,visitOr,DefaultBooleanFormulaVisitor<R>,org.sosy_lab.solver.visitors,java-smt-0.60\src\org\sosy_lab\solver\visitors\DefaultBooleanFormulaVisitor.java,DefaultBooleanFormulaVisitor.java,java-smt,java-smt-0.60,06/11/2016
,CS342,UnusedParameters,logic,setLogic,FormulaCollectionScript,org.sosy_lab.solver.smtinterpol,java-smt-0.60\src\org\sosy_lab\solver\smtinterpol\FormulaCollectionScript.java,FormulaCollectionScript.java,java-smt,java-smt-0.60,06/11/2016
,CS343,UnusedParameters,pModulo,modularCongruence,Mathsat5RationalFormulaManager,org.sosy_lab.solver.mathsat5,java-smt-0.60\src\org\sosy_lab\solver\mathsat5\Mathsat5RationalFormulaManager.java,Mathsat5RationalFormulaManager.java,java-smt,java-smt-0.60,06/11/2016
,CS344,UnusedParameters,pElementType,getArrayType,PrincessFormulaCreator,org.sosy_lab.solver.princess,java-smt-0.60\src\org\sosy_lab\solver\princess\PrincessFormulaCreator.java,PrincessFormulaCreator.java,java-smt,java-smt-0.60,06/11/2016
,CS345,NotSecuringLibraries,z3,create,Z3SolverContext,org.sosy_lab.solver.z3,java-smt-0.60\src\org\sosy_lab\solver\z3\Z3SolverContext.java,Z3SolverContext.java,java-smt,java-smt-0.60,06/11/2016
,CS346,NotSecuringLibraries,libz3java,create,Z3SolverContext,org.sosy_lab.solver.z3,java-smt-0.60\src\org\sosy_lab\solver\z3\Z3SolverContext.java,Z3SolverContext.java,java-smt,java-smt-0.60,06/11/2016
,CS347,NotSecuringLibraries,z3java,create,Z3SolverContext,org.sosy_lab.solver.z3,java-smt-0.60\src\org\sosy_lab\solver\z3\Z3SolverContext.java,Z3SolverContext.java,java-smt,java-smt-0.60,06/11/2016
,CS348,NotSecuringLibraries,libz3,create,Z3SolverContext,org.sosy_lab.solver.z3,java-smt-0.60\src\org\sosy_lab\solver\z3\Z3SolverContext.java,Z3SolverContext.java,java-smt,java-smt-0.60,06/11/2016
,AP349,TooMuchClustering,,,Mathsat5NativeApi,org.sosy_lab.solver.mathsat5,java-smt-0.60\src\org\sosy_lab\solver\mathsat5\Mathsat5NativeApi.java,Mathsat5NativeApi.java,java-smt,java-smt-0.60,06/11/2016
